minereed,1013
"Ak’chamel, The Givers of Illness",Spiritually Unemployed
Aeson Zervas,Hazlom
Aeson Zervas,s/t
SiP,Leos Ultras
Khan Jamal Creative Arts Ensemble,Drum Dance to the Motherland
"Joe Chambers, Kevin Diehl, Chad Taylor",Onilu
dave de rose & dan nicholls,plants heal
Ricardo Dias Gomes,Muito Sol
Ak'chamel,Rawskulled
Herandu,Ocher Red
Mahapoteke,Mahapoteke - Manambara fa hoavy
The Archetypal Syndicate,The Archetypal Syndicate / Non Locality
Jac Berrocal,Boîte Boîte
Chloé Despax & Félix Blume,Agua Larga: Traditional & Imaginary Cimarron Music
Various Artists,Pay What You Want Sampler #4
Shuta Hasunuma,Oa
M.A.F.H.,More Acid For Hegel
Vumbi Dekula,Congo Guitar
"The Dwarfs of East Agouza (featuring Alan Bishop, Maurice Louca, Sam Shalabi)",High Tide In The Lowlands
"Jac Berrocal, Vincent Epplay, David Fenech",Zilveli Villa
Yoshiko & Shinuchi Yuizé,Au Japon
Badiâa Bouhrizi,KahruMusiqa
Boris Boublil : Mù,93 Manifesto
(NA)+(TH),Abstract Substance
Join The Din,¿Change!
Aly Eissa,Gouda Bar
Baskot,Baskot Lel Baltageyya
Praed,Kaf Afrit
Chum Kem & Son Orchestre Oriental,Balliam Baliao
Thierry Holweck,Cubic Vision volume 2
Ak’chamel,A Mournful Kingdom of Sand
Ak’chamel,A Mournful Kingdom of Sand
Eka Faune,Healing of the Nation
Fuji-Yuki,One Butoh
Leviot,Sharav
Agile Experiments,These Are Times For Mind And Spirit
Kadef Abgi,Diva Of Deva Loka
Various Artists,Uzbek Songs And Melodies
Dwarfs of East Agouza,Rats Don’t Eat Synthesizers
Evan Crankshaw & The Dead Mauriacs,Expedition
Tasos Stamou,Balkan Express
Dada Black Sheep,Sabka Malik Ek
Various Artists,The Gamelan of the Walking Warriors
Lily Chao,Chinese Folk Songs
Sabreen,Death Of The Prophet
Various Artists,Malam Minggu : Saturday Night in Sunda
Ko Shin Moon,78 Fragments
"AK’CHAMEL, The Ibex Entrails String Band",Transitory Collection Vol II
Hive Mind Records,The Uncanny Times
"Ak'chamel, The Giver Of Illness",The Totemist
Tigran Hamasyan,The Call Within
Tortoise,TNT
The Dwarfs Of East Agouza,The Green Dogs of Dahshur
Electric Vocuhila,Kombino Splinto
Ko Shin Moon,78 Fragments
Arlt,ARLT Soleil enculé
ddb,I Do Not Wake Up
ddb,The Awful Ulch
ddb,Memento Mori
La Battue,Search Party
PoiL,Sus
Phronesis,We Are All
Oliba International,Oliba International
Big Four featuring Tony Malaby,Mind The Gap
Dinosaur,Wonder Trail
Big Four,Nos Sons Unis
Tweedle Dee,TWEEDLE DEE
Electric Vocuhila,Electric Vocuhila
Shuta Hasunuma & U-zhaan,2 Tone
GIGANTONIUM,"SIMON WINSE ""Dangada"""
GIGANTONIUM,TbPn
Collectif Coax,Radiation 10
Seb Necca Quartet,Look inside
Romain Baret,Naissance de l'horizon
Djihâd,s/t
Collectif Coax,"Helved Rüm ""4 million"""
"Geoffroy Gesser, Romain Clerc-Renaud, Isabel Sörling, Yann Joussein",BRIBES 4
VEGAN DALLAS,Electro Griot
Les Pompiers,Le Maxi de Les Pompiers
Pili Coït,Pink Noise
Camille Bénâtre et Maud Octallinn,Camille et Maud
Maud Octallinn,Mostlamouratée
Watchdog,Can of Worms
Anne Quillier 6tet,Dusty Shelters
oncaffeine,onCaffeine #2
Maud Octallinn,En terrain tendre
Aquaserge,laisse ça être
Town Portal,Chronopoly
Nicotina es Primavera,Animal Cerámico
Eat The Sun and After Nations,Hypnagogia
Stuck in November,First Slice Of Cake
Facteur Cheval,Adieu l'organique
Cleft,Wrong
AMOUR FOU,Accrochée au Lustre
Anne Quillier 6tet,Daybreak
ULTRA ZOOK,EPUZZ
ULTRA ZOOK,EPUZZZ
CHROMB!,Chromb! II
