thicc,April 26
Xangorchestra,Quando le tigri fumavano
Richard Norris,Music For Healing - Patterns 4
The Taps of the Holy Trinity,Most of Them Were Ghosts
Chaton Laveur,Labyrinthe
Bhajan Bhoy,Live At Le Guess Who?
TOUT BLEU,You Are Tree
La Bande à Bader,Pétale Défoule
Skyminds,Shapes & Traces
//DLM,5 AM In Japan
Monsieur Thibault,3/4 Ciel
Monsieur Thibault,Port-Cucu
Jim Ballon,Sensations
Rejoicer,California Space Craft
Placid Angles,Canada
BHAJAN BHOY,Meditations
Harriet Tubman & Georgia Anne Muldrow,Electrical Field of Love
いい湯だね,思い出のハワイアン温泉
機械状無意識,We Are Witnessing Trump's Rapid Cognitive Decline
ll nøthing ll,DEATH [Revised]
Toxic Chicken,Amazing Animals
Idea Fire Company,Bathroom Electronics
ThoughtCast,Nimbus in Motion
Carlos Niño & Friends,Bubble Bath for Giants
Kaloja,A Body of Water
Arcibanda,New Item
Orange Car Crash,Fake Man
Panman Pat,PANMAN PAT - Chip Chip // Ju-Ju
Miradasvacas,En Perpetua
From 2,Indie Stock
Elizabeth Davis,Flowers
John Beltran,Para Viajeros
Joey Alexander,Continuance
Joey Alexander,Eclipse
Anatolian Weapons,Endless Stream
The Orielles,Only You Left
Floreana,Floreana One
Idea Fire Company,Hot Enough For You?
Cajú Collective,JOÃO LEÃO & AKIM BAMBOO - High On A Rocky Ledge
Asta Hiroki,Continuation
elysian-aquascapes,fish_utopia [remastered]
Francis Heery,Garry Kasparov vs Deep Blue
trash panda qc + lilienfeld,schaffel EP
Kiri Ra!,nen
Carol Maia & Jeremy Gustin,it's nice to see a lake in your eyes
Bobo & Behaja,Aia Haja?
tangent mek,Immutable traveler
Kokoroko,Tuff Times Never Last
Matt Gold & Dustin Laurenzi,Devotional Fade
Jesse Hackett,Nocturnes
Xylitol,Blumenfantasie
Willow Skye-Biggs,Elsewhere
Skyminds,Echoes On The Shore
Le Grand Partir,Super Star
Anubis Rude,Windjammer
Shabaka,Of The Earth
Tek lintowe,"Vapid Fruitless Masturbatory Time Wasting After Light Snubbing, Pities, Ultimate Selfishnesses, and Other Bad Behavior: Imagination of Just Punishments Eventually Cannot Dress Continual Destruction as Anything but as a Result of Neglect, Disrespect to Nature, and All"
Delikwe,Momento
minereed,Reed Flutter
Channelers,Generation / Harvest
Channelers,Morcom Tapes
Channelers,Ringing In An Open Sky
Dream.Corp,百科事典98: DESKTOP TEMPLE
Folklore Tapes,Ceremonial County Tape Series Vol.XXI - Isle of Wight | Worcestershire
Ovid,Fan The Flames
微風ゾーン Bifuu_ZONE,The West
TYGRA,MAGIC SUMMER
Personal System 個人システム,Transcoastal Night Drive
Herb Lore,Mysticism
Folklore Tapes,Ceremonial County Series Vol.XXIII - East Sussex | Lancashire
Folklore Tapes,Tales of the Monstone
Folklore Tapes,Ceremonial County Series Vol.XVII - Bristol | Hertfordshire
bruit direct disques,The Austrasian Goat - Clouds Ov Deconstruction
Kawol Samarqandi,Energeia
Johnny Bell,Mountain States
Kraanerg,Heart of a Cherry Pit Sun
Música Macondo,Brasil Novo
Dwiki Dharmawan,Anagnorisis
CANAL+,Ensoleillement
waterfront dining,New Horizon
Ｔｅｌｅ＋１,television afterlife
Webinar™,MicroVista
ax14,Promised land
ax14,Polygon Highway
The Microgram,Reconnected Processes
Yokohama,astral
ax14,DigiPool
Galtier,Opaque Envelopes
Nostro Hood System,Waystation: Sequence II
Steel Traxx,Pistol Slug
Azu Tiwaline,A1 - Night in Palmtree (Forest Drive West Remix)
Yorgos Stavridis,Solo Percussion
Mehmet Aslan,Early Beginnings
Earthly Measures,From Earth
Light-Space Modulator,The Rising Wave
Lay Llamas ,"Time, Islands and Thresholds"
Signora Ward Records,Maurizio Bianchi & Adriano Vincenti - Nocebo Effect
MitchumYacoub,CUMBIA NO GET ENEMY/ZAIRE
Anubis Rude,Antique Hourglass
Hijokaidan,Zouroku No Kibyo
Moomin,Into The Distance
Pamela Badjogo,Mes couleurs
Ciccio & 2mo,Bouc & Rouages
Winter Family,On Beautiful Days
Mehmet Aslan,Auguri
Florian Pellissier Quintet,Pacifiques Biches
Frédéric L’Epée,Contre courant
Lynn Cassiers,Yun
Cold Mountain Child,Moon Pine All Night
b.mez,Under Circuitous Skies
BeNe GeSSeRiT and Intige Taluure,Newton's Flat Fidelity vol 5 Bene Gesserit
The Three Seas,Antaḥkaraṇa
Èlg et La Chimie,Immense éboulis rouge
Tout Bleu,You Are Tree
Field Lines Cartographer,Portable Reality Generator (DiN85)
to eat flowers and not be afraid,to eat flowers and not be afraid
Richard Norris,Music For Healing - Patterns 1
Deep Earth Network,Land
Various Artists,Weir World
The Necks,Disquiet
Raz & Afla,The Cycle
Horse Lords & Arnold Dreyblatt,FRKWYS Vol. 18: Extended Field
L'IMPOLIE,SALTO
Star Feminine Band,Jusqu'au bout du monde
SAKOSTAMU,Break Down
Echo Upstairs,nossas sombras serão águas
Sávio de Queiroz,Land Sea and Air
memotone,smallest things
Mall Talk Collective,Mall Walker 몰 워커
Richard Norris,Music for Healing - Patterns 2
Secret Places of the Lion,High Gardens
Kokoroko,Kokoroko - Live From Metropolis Studios
Highlife and Ekobe Music from Nigeria,Azuka Moweta & his Anioma Brothers Band of Africa - Kenechukwu
Malummí,Damaged By Their Silence
Rave At Your Fictional Borders,Analogue Nomadism
Acid Twilight,Mustang Zodiac
Spiritczualic Enhancement Center,Me And My Students Have Reached Higher Levels
Rejoicer,While You Are There
Rejoicer,This Is Reasonable
Phi-Psonics,Octava
Le Grand Couturier,Le Grand Couturier
Kali Malone + Drew McDowall,Magnetism
Tatiana Paris,t h a l l e
Seb Brun & Simon Henocq,Vallées
f.ampism,The Vertical Luminous
Ancient Infinity Orchestra,It's Always About Love
Chip Wickham,The Eternal Now
Daou,Blue Ghost
Atabasca,Atabasca
Scrimshire,Frosted
Scrimshire,Your Invasion Is A Lie (2026) feat. Idris Rahman
Scrimshire,Paroxysm
Various Artists,Wind (in the sails of flotillas) for Gaza
dan nicholls,earthrise recordings
BO NINGEN,Sudden Fictions
Ryan J Raffa & Sam Prekop,Only Came To Say Goodbye
Milkyway Lemonade,Magical Mind Magical Body
Guedra Guedra كدرة كدرة,MUTANT
MDN,black_hole
POOLSIDE NIGHTMARE,B4 IT ALL ENDS
Psyché,Hurriya (We Must Resist)
Carlos Bica,11:11
"河边走 The River, Orchestration, Walkman!",无尽的夏天 Eternal Summer
Kiln,Thermals
Metal Preyers,Retox Man
DakhaBrakha,Ptakh
dolphin hospital / arriba rosario!,escargot énorme / sobrecrisis
Msafiri Zawose,Penya Safari EP
WET TUNA,Apex of High EP
Marion Cousin & Eloïse Decazes,Com a lanceta na mão
Hajime Nakamura,Loop Drawing
Seljuk Rustum & Yenting Hsu,The Milk Path To The Hungry Moon
Bitchin Bajas,Inland See
Heirloom,Familiar Beginnings
Ohm!,The Architects
Johannes Wallmann,Not Tired
Ami Taf Ra,The Prophet and The Madman
Yosef Gutman & Adi Goldstein,MOMENTS E.P.
Phi-Psonics,The Cradle (Deluxe Edition)
Phi-Psonics,Expanding to One
Phi-Psonics,Morning Sun / Arrival
STR4TA,Aspects
Jembaa Groove,Selected Recordings
The Circling Sun,Orbits
Omni Gardens,Christmas
Yara Asmar,everyone I love is sleeping and I love them so so much
Malombo,Sangoma
Surya Botofasina,RentParty77
Ulisse Mazzagatti,Tecnologia
John Beltran,MCWRCD003 // Back to Bahia Anthology
Rejoicer,Voodoo at Home
Asynchrone,Plastic Bamboo
"Lophae (""lo-fi"")",Imagine More
tunng,Tunng Presents...DEAD CLUB
MATTERS UNKNOWN,Deepings : A Song of Spirit
MONEY CHICHA,ONDA ESOTÉRICA
Auntie Flo,Birds Of Paradise
The Gaslamp Killer,The Gaslamp Killer & Daedelus - Impulse b/w Free The Robots Remix
MADTEO,MISTO ATMOSFERICO E AD AZIONE DIRETTA LP
COD3 QR,[QR]D.325.LBNL.25
أحمد [Ahmed],سماع [Sama'a] (Audition)
The Dwarfs Of East Agouza,Sasquatch Landslide
Sublime Frequencies,Natik Awayez - Manbarani
Group Inerane,Group Inerane - Marhajan Bianou
SML,How You Been
Zeitgeist Freedom Energy Exchange,INSPIRE // RADICALISE
The Cosmic Tones Research Trio,The Cosmic Tones Research Trio
Sonic Funk Foundry,Barbara Lynn - You Make Me So Hot (Meaux Rework)
"Gregory Sallet Sur Ecoute Project : ""Otsukaresama""",Otsukaresama
LOS WEMBLER'S DE IQUITOS,SELVA
The Aetheric Moon,Antarctican Apparitions
Angel's Corpse,Vanity Bay
f.ampism,The Ancient Wing
Steiger,Mowglowski's First Take
Steiger,The New Lady Llama
SHAM LEPIRE,ÉCHOS
SHAM LEPIRE,"POUR LE MEILLEUR, LEPIRE"
Keiji Haino + Shuta Hasunuma,U　　　　　　　TA
Electric Vocuhila,Marquises
Anatolian Weapons Vs Octabot,S/T
Sidiki Camara,Return to the Traditions
tarotplane,zikzak mix 14
Chaka Chawasarira,Useza
Nakibemebe Embaire Group & Naoyuki Uchida,Phantom Keys
COMETS,Anywhere Here
Anatolian Weapons,Anatolian Weapons Presents Octabot
JGD,DJ HUMBLE EP (EXTQ000)
JGD,Along The Harm EP
Ebi Soda,frank dean and andrew
Abosahar,Raasny
Jonah Parzen-Johnson,I Try To Remember Where I Come From
FLEE,PASÉ BÉL TAN : FRANCOPHONIES & CREOLITIES IN LOUISIANA
Kahil El'Zabar's Ethnic Heritage Ensemble,"Let The Spirit Out, Live At ""mu"" London"
Ethnic Heritage Ensemble,"Open Me, A Higher Consciousness of Sound and Spirit"
Various,Timber Management Volume 2
Agnas Bros.,Sista Försöket
Håvard Volden,Small Lives
King Edi K,High Fever
I Hold the Lion's Paw,Potentially Interesting Jazz Music
nikitta,NIKITTA - Encontro de Seca com Chuva // This Is My Prayer
Misha Sultan,Lantern In The Woods
Los Siquicos Litoraleños,Impacto Fractal
DORDOGNE,La Duche
Watchdog,Fables
Essor et Chute,Essor et Chute de notre Civilisation
Collectif Coax,BRIBES 4 'THE SKY IS CRYING'
Yoichi Kamimura & Olli Aarni,Kōri no ryokō / Jäämatkailu
Lucio Bukowski & Tcheep,ASADACHI TAPE vol.4
Liba Villavecchia Trio,Muracik
The Mantecas,Descarga China
The Mantecas,Oye (LP)
Phaneronaut,Echoes and Ghosts
Parisa Ramezan,PARISA RAMEZAN - Labkhand // Shams
Lunch Money Life,Cow
Mulatu Astatke,Mulatu Plays Mulatu
Gasper Lawal,Ajomasé
King Khan & Wolf Clan Jo,Wolf Clan Jo & King Khan
Tortoise,Touch
toso toso,guardo
toso toso,toso toso
Griffure,Paratonnerre
GIGANTONIUM,Spin & Spells
Dean McPhee,Astral Gold
Maria Teriaeva,Sayan - Savoie
Yaelllavie,{*}
DJ BLAM,Afreaka 70 #4 - Kreyòl
Sonic Funk Foundry,Teneo Te Africa
Heavenly Recordings,Saint Etienne - ‘Brand New Me’ 12” (Black and Pink Vinyl Editions)
Black Sky Giant,Planet Terror
Majken,Korus
Bonifrate,Os Anões da Villa do Magma (20º Aniversário Deluxe)
Bixiga 70,Vapor
Akim Bamboo,DS10 - AKIM BAMBOO - Saint Nick // Yahoo Boys
Joshua Carpenter,DS09 - JOSHUA CARPENTER - Can't Get Enough // Version
Cosmic Ear,TRACES
Vítor Rua & The Metaphysical Angels,Do Androids Dream of Electric Guitars?
Numen,Cyclothymia
Juan Verón,Retorno a las ruinas circulares
Ümlaut,Penumbra
sparklmami,running
sparklmami,Fajas
NUBU,What you sayin'
Addis-Abeba Surf Club,Addis-Abeba Surf Club
Malummí,The Universe Is Black
Malummí,Key
Malummí,Clover & Camelia
Ranil y su Conjunto Tropical,Sonido Amazónico
LOS ZHEROS,PSYCHEDELIC CUMBIA PARTY
Oiro Pena,Béke
Sipho Gumede,Something to Say EP
Sipho Gumede,Something to Say (Opolopo rework)
Anubis Rude,Sunbow
Tiki Paradise,Mysterious Safari of Tropical Melodies
Dave De Rose Records,Rituals
Rave At Your Fictional Borders,Entanglement / Utopia
Migoi,Wild Man Of Bhutan
Yazz Ahmed,A Paradise In The Hold
Bill Converse 2,Trust
Coil,Black Antlers
Oneohtrix Point Never,Again
POOLSIDE NIGHTMARE,Drunk On The Weekends
POOLSIDE NIGHTMARE,RAW SEX EP
POOLSIDE NIGHTMARE,"COVER BOY MAGAZINE PRESENTS: GHETTO GOSPEL VOL, 2"
Tipper,Sunrise At The Gorge
Lia Kohl & Zander Raymond,In Transit
Clément Vercelletto,L'Engoulevent
Christian Love Forum,The Greatest Hits
Mad Squabbles,Full Space Sound
Toxic Chicken,Felicity
Anubis Rude,Rude Awakening
Fulu Miziki,Mokano EP
Fulu Miziki,Pieteron
Tapioca,Samba em Kigali
Gianni Brezzo,Sprechiamo!
BASSOLINO,Città Futura
BASSOLINO,Popoli del Mare
Cosmic Analog Ensemble,Les Grandes Vacances
Prefaces,Acqua Marina [Ruptured & Hisstology]
The Kaya Collective,The Kaya Collective
BRONTOSAURES,"""Napkin Coal"""
Olga Amelchenko,Howling Silence
The Free Association Syndicate,"""The Center & the Margin"""
Kreggo,Altro Mood
João do Pife,Garoto Do Pife / Homenagem a Ludugero
Plume Girl,In the End We Begin
Larry Manteca,Zombie Mandingo
Resavoir,Resavoir
Asher Gamedze & The Black Lungs,Constitution
Tipper,Marble Hunting
Poppy Daniels,Keep On Going
Balimaya Project meets Discos Pacifico All-Stars,Calima
Collettivo Immaginario,Oltreoceano
Calibro 35,Exploration
Keanu Nelson,Place Where I Go
Ohkuma,Deviation
Jason Doell & Naomi McCarroll-Butler,FOUR FORMER MYRRH FORMERS FORMED HER HORN FOR MURMURS
fraufraulein,greater honeyguide
Lightswitch Ghost,Lightswitch Ghost
Lenxi,Did you get the dream I sent you?
Koraal,La Casa del Volcán
CAZAYOUX,CAZAYOUX
Dominik Strycharski Core,Alert
Johnny Richards & Dave King,The New Awkward
Mahotella Queens,Buya Buya: Come Back
K. Frimpong & his Cubano Fiestas,The Blue Album
Agatha  あがさ,Progressive Tuvan Folklore
Telemachus,In Thailand
Muluu Baqqalaa ,Akkana Dubbiin
Lagoss & Babau,Splitting Hits For The Heat Damage
"SABIWA, Queimada, Nathan L.",Sons of _
SABIWA,Island no.16 - Memories of Future Landscapes
Takao,Stealth [2026 repress/original artwork]
"Mathys Lenne, Wallace Cleaver",ADHD EP
Rien Virgule,Berceuses des deux mondes
THE SLEEP OF REASON PRODUCES MONSTERS,The Sleep of Reason Produces Monsters
Alina Bzhezhinska & Tulshi,Whispers of Rain
Vimbai Mango,Searching (Nzira)
Carlos Niño & Friends,High With A Little Help From
Ustad Noor Bakhsh,Jingul
YUNIS,Ninety Nine Eyes
DJ DIE SOON,My Brothel The Wind
"Evelyn Glennie, Owen Gardner, John Edwards, Bex Burch",Tangled Goodbye
Raymond Antrobus & Evelyn Glennie,Another Noise
Currulao y Manacillos del Pacifico Colombiano,Matachindé - Morir Cantando
Highlife Music from Nigeria,Okwy Osadebe and Highlife Soundmakers - Egwu Mmanwụ Igbo (Music of Igbo Masquerade)
Highlife and Ekobe Music from Delta State - NIGERIA,Ekobe Global - Azuka Moweta and His Anioma Brothers Band of Africa (Nigeria)
Champeta & Guarapos,Dj Rata Piano - Exitos Picoteros Vol 5
PALENQUE RECORDS,Oriental Brothers International Band - Umoja Reworks
POOLSIDE NIGHTMARE,We Are The Ones We've Been Waiting For
popon,bubu
The Ephemeron Loop,Psychonautic Escapism
Christian Love Forum,X-Nihilo
Christos Chondropoulos,Altered Beast
ThisisDA,Fast Life
POOLSIDE NIGHTMARE,Adult Swim
POOLSIDE NIGHTMARE,Echo Chamber (Luv Song)
POOLSIDE NIGHTMARE,RADIO41510 MIX001: DJ KUSHKAT
POOLSIDE NIGHTMARE,I Lost My Way Home
POOLSIDE NIGHTMARE,AMERICAN EXXXTASY
VÍZ,Danse des Larmes
Grouch in Dub,Metamorph
Doc Sleep,Cloud Sight Fade
Battle-ax,Earther / Lysol
Mariam Rezaei,SADTITZZZ
VA,REEL TALK  - BEST OF DOUYIN TRACKS
Elkotsh,rhlt jdi
Avenir,Primitive Maxi Trial
YiGa,Heart
Wolfgang Pérez,Só Ouço
Saroon & Matthew Holmes,Burning Oceans
Omni Selassi,Belgian Solution
Agile Experiments,Loukoumades
Aiko Takahashi,The Grass Harp
Rave At Your Fictional Borders,National Phantom EP
KALI Trio,The Playful Abstract
Misha Sultan + Purpurniy Dyadya,THAI
American Monoxide,Microwave Ensemble
Claptrap,Adulting
Telomante,Al margen de la visión
Adrian Quesada,Boleros Psicodélicos II
"Azuka Moweta, Abelardo Carbono, Oriental Brothers",AfroColombia Remix Vol. 3
Bobby Matos And The Combo Conquistadores,My Latin Soul
Richard Norris,Music For Healing - Colours Volume Two
Lagoss,Imaginary Island Music Vol.2: Ascension
Lagoss & Abagwagwa,Island Slang
"Shakti (John McLaughlin, Zakir Hussain, Shankar Mahadevan, V.Selvaganesh, Ganesh Rajagopalan)",This Moment (Grammy 2024 Winner)
"Saul Williams, Carlos Niño & Friends",Saul Williams meets Carlos Niño & Friends at TreePeople
Stick Men,Brutal
Yazzus,Rebel Royale
Sinéad Rua,SINÉAD RUA - Summer Spells // Where The Roots Dance
Mukasamuka,Desert Mood EP
Clear Path Ensemble,Workshop
Onom Agemo & Ahmed Ag Kaedy,Tartit
"Juana Luna, Folkalist Records",Canciones en Blanco y Negro
Matthew Ryals,Generative Etudes Vol. 3.2
Samantha Kochis,to the eyes that remain soft
Sury-Tanuki,Index lécheur
Nguyễn Nhật Minh,Memories
HDSN,There Must Be More To Life Than This
One,One One One - Toca do Coelho
The Glorious Rant,Vietnam in Dub - The Glorious Rant
Sydney Barringer,Death Kid EP
Troupe Asnimer & JH Burch,Troupe Asnimer & JH Burch
"Walter Maioli, John Zandijk",Star Rover
Gaetano Liguori / Giulio Stocchi / Demetrio Stratos,La Cantata Rossa Per Tall El Zaatar
Lolo,Lolo
GRECIA ALBÁN,NUBES SELVA
Christoph Grab,ROOT AREA: In Pursuit Of Happiness
Clear Path Ensemble,Black Sand
Neuzeitliche Bodenbeläge,Neue Kreise
Ulisse Mazzagatti,New Forgotten Melodies
HUMBERT,Life in microcosomos
The Second Hand Orchestra,Slow Summer EP
YAMASHITA,Off Ground
Stereo Ferment,Fermented Grooves Vol 4 (SF017)
Stereo Ferment,Disco Mijwiz (SF019)
Orchestre Tout Puissant Marcel Duchamp,Ventre unique
Orchestre Tout Puissant Marcel Duchamp X Frànçois and the Atlas Mountains,Revenant Du Nord / Siilent
Highland Spokesman,Memory Slot
Highland Spokesman,Word
Laurie Torres,Correspondances
Laurie Torres,Après coup
"Laurie Torres, Nailah Hunter",Correspondances II
Runecaster,The Bitter Mountains Trilogy
Gilles Torrent,Buleria
BOUCAN,Deux
Electric Jalaba,Merhaba
Maurice Louca,Elephantine
Cornélius,Cornelius EP
Yosef-Gutman Levitt,Shir Yedidot
Donato Dozzy & Sabla,Morpho
Anubis Rude,Energizer
Metgumbnerbone,For The Raven
Briana Marela,My Inner Rest
Carlo Cattano,Rituals
Dalaiquartet,Brazzaville
Headache,The Head Hurts but the Heart Knows the Truth
African Electro Vibes,Azuka Moweta and his Anioma Brothers Band - Umoja Reworks
Seawind of Battery,Save The Waves: People for Public Media (PBS Benefit Compilation)
Seawind of Battery,East Coast Cosmic Dreamscaper
Yusuf Ahmed,Bambyu
Bhajan Bhoy,Summer In St. Mary's
Frogknight,Lothl​ó​rien
Museum of Natural History,Selene
Felbm,winterspring/summerfall
Felbm,Elements of Nature
Anagrams,We Form A Shelter
Oval Angle,Figures of Speech
Britton Judd,Hidden Windows
Euglossine,Analysis of mutants
shamane,Jeju
Y Bülbül,NY Tapes Volume 1
Ukandanz,Evil Plan የክፋት  እቅድ
Sivat Selim & Circular Void,Grot
"Oren Ambarchi, Johan Berthling and Andreas Werliin",Ghosted III
"Holden & Zimpel, James Holden, Waclaw Zimpel",The Universe Will Take Care Of You
Cozmos,Cozmos - Watusa
Anatolian Weapons,The Oracle Archives Vol.3
Anatolian Weapons,The Oracle Archives Vol.4
Abstract Audio Systems,Sounds Of Displacement And Renewal
Nihiloxica,Nihiloxica
Lammping,Never Never
Orbital Ensemble,Orbital
Heavenly Recordings,Colleen Cosmo Murphy Presents Balearic Breakfast Vol.4
Heavenly Recordings,Colleen ‘Cosmo’ Murphy presents Balearic Breakfast: Volume 3&4
Shakti,Mind Explosion (50th Anniversary Tour Live)
Ale Hop & Titi Bakorta,Mapambazuko
Akira Umeda & Metal Preyers,Clube da Mariposa Mórbida
DjeuhDjoah & Lieutenant Nicholson,Danses divines
Pierre Bastien & Michel Banabila,Nuits Sans Nuit
Y Bülbül,Fever
"Y Bülbül, Yumurta","Not One, Not Two"
Y Bülbül,ÜÜÜ
Saltedherb,Safe Road EP
Blue Sun,Blue Sun VA II
Kahil El'Zabar Quartet,A Time For Healing
Anatolian Weapons,In Heaven
Oak Grove,Oak Grove // あなたの歯を使って自分自身を王冠にします EP 2025
Auntie Flo,Outernational Dance
Gyedu-Blay Ambolley,Wake Up Afrika
Laíz & The New Love Experience,Se Segura
Raul Monsalve y Los Forajidos,SOL
Sublime Frequencies,Tsapiky! Modern Music From Southwest Madagascar
Don Glori,Paper Can’t Wrap Fire
Sami Galbi,Ylh Bye Bye
Meridian Brothers,VI
Alice,L'Oiseau Magnifique
Alice,Châteaux Faibles
Yusuf Ahmed x Harry Christelis,Live at Mu
Alan Graves,A Possible Wind
Lynn Avery,4
Iceblink,Carpet Cocoon
Oshu Records,Shades Of Oshu (Collaborations From The New Berlin Jazz Underground) (Bandcamp Exclusive)
Sun Ra,Sleeping Beauty
Telomante,Codantera
Héron Cendré,5-1
Chrome Hill,En Route
Maurice Louca,Barĩy (Fera) برٌِي
Shit Creek,Magnetic Garden Redux
Efdemin,New Atlantis
COAST,Ember
SLUGish Ensemble,In Solitude
SLUGish Ensemble,Urban Crawl
odd person,there is no place
Cole Pulice,Land's End Eternal
Ernesto Wendy,Mixtape #1 Roger Robin
Ernesto Wendy,Mixtape #2 Rosas Negras en un Mundo sin Pajaritos
Brahja,Brahja
Purpurniy Dyadya,RAW
Abo Abo & Demetrio Cecchitelli,Interspazio
The Remakquels,Healing Muzak
Monzanto Sound,The Channel
Betamax,Crumbs
Las Barbas Indómitas,Vol.3
H-M O,A Walk in the Midnight Sun
Bruno Repsold Quinteto,Quimera
SPELLMAN,Herbwise
Victor Pavy,Saatchi
Spiritczualic Enhancement Center,The Deep Sleep of Evil Men
The Sultan's Swing,Colin Curtis Presents The Sultan's Swing Sessions II
UTO,More heat to the fire part of fire
Gazella,GAZELLA - Vías
Anatolian Weapons,The Whiteout Edits Vol.8
K.O.G (Kweku of Ghana),Don't Take My Soul
Trá Pháidín,An 424
Trá Pháidín,An 424 (Expanded)
Alberto Novello & Rob Mazurek,Sun Eaters
Frunk29,Drifting Horses
VA,Zonned Compilation Vol.2
Lunaria,Mist and Light
Soda Lite,Earthbound
Saapato,Somewhere Else
Euglossine,Strawberries In Rain
Crystal Voyager & UFOm,Universe People
Moon Glyph,Emerald: New Sounds from Moon Glyph Records
Mushroom Grandpa,Mushroom Grandpa - Mushroom Wonderland
Mushroom Grandpa,Bedtime Journey
Natural Information Society and Bitchin Bajas,Totality
"Isaiah Collier, William Hooker, William Parker",The Ancients
lurp sheets,for you
IMMR,A Boyish Chameleon
Los Gigantes Dormidos,En Los Jardines De Mis Abuelos
aramii,Dusk
Julius Gabriel,Tales from the Subterranean
Sissi Rada,Demeter in Aexone
Maurice Louca,Benhayyi Al-Baghbaghan (Salute the Parrot)
Psychic Ills,Mirror Eye
Montel Palmer,Love Getaway
Mawimbi,Bubbling
James Brandon Lewis,Apple Cores
Byard Lancaster,My Pure Joy
Foehn Records,GAF y la Estrella de la Muerte - Pyramids
Gaf & The Love Supreme Arkestra,Ganzfeld
Gaf & The Love Supreme Arkestra,Garden Island
Md. After Hussain & PAQ,Matir Gaan
Papir,V
"Romain Pilon w/ Orlando le Fleming, Mark Whitfield, Jr. + Alexis Valet and Jean-Paul Estiévenart","Romain Pilon ""Open Roads"""
Etienne de la Sayette,ETIENNE DE LA SAYETTE & THE WILD HORSES ORCHESTRA - LP
Tako Toki,HIRSUTES FARFELUS - LP
Los Thuthanaka,Los Thuthanaka
Mary Halvorson,About Ghosts
Boolvar,GROS CANARD
DjeuhDjoah & Lieutenant Nicholson,2+
DjeuhDjoah & Lieutenant Nicholson,Danse divine
Pink Elln,Music To Use - NSP 24
Maxine Troglauer,Hymn
Richard Koch,Rays of Light
"Lophae (""lo-fi"")",Perfect Strangers
CUNST,Type EP
King Blood,Eye I Aye  Ivy
Saeko Killy,Dream In Dream
Saint Abdullah & Eomac,Of No Fixed Abode
SiP,Leos Naturals
Odeia,Odeia - Il pleut
Siti Muharam,Siti of Unguja (Romance Revolution On Zanzibar)
Rien Virgule,Berceuses des deux mondes
THE HOLOGRAM PEOPLE,THE HOLOGRAM PEOPLE - RETURN TO CHAPEL PERILOUS
DREAMLORD RECORDINGS,THE HOLOGRAM PEOPLE - Sacred Ritual to Unlock the Mountain Portal 2024 REMIX & REMASTER
Ballaké Sissoko & Derek Gripper,Ballaké Sissoko & Derek Gripper
The Brother Moves On,Tolika Mtoliki
Kyle Shepherd Trio,A Dance More Sweetly Played
Allen Kwela,Black Beauty
Mushroom Grandpa,Mushroom Grandpa - Life Under Snow
The Cosmic Range,The Gratitude Principle
Sound Support,Méhari
Shoko Igarashi,Onsen Music
Fling ii,Fling ii
Lay Llamas,Sunburned Dreamlike Safari
Gnäw,Gnäw II
Space Afrika,Honest Labour
Rainy Miller x Space Afrika,A Grisaille Wedding
Toxic Chicken,Buff!
Jogging,Les Milieux Modestes
biardo records,Birds of Bardo
Àbáse,Awakening
Maria Chiara Argirò,Closer
Samba Touré,Baarakelaw
Los Pirañas,Historia Natural
Los Pirañas,Una Oportunidad más de triunfar en la vida
Grykë Pyje,Collision and Coalescence
Baldruin,Mosaike der Imagination
Grykë Pyje,Crepuscular Elixirs
Nicolas Gaunin,Huti ゲーム
Rave At Your Fictional Borders,Potion Trigger
Alabaster DePlume,Come With Fierce Grace
Space Blanket,Sonic Balms For Soothing Souls
Unknown To Known,River Crossing
Unknown To Known,Portico - Part ii
Unknown To Known,Lightship
Qwalia,Sound & Reason (album)
Qwalia,Abbreviations (album)
Mu Quintet,Enos
Elephantine,Moonshine
Hugo Carvalhais,Particula
Stephen Becker,Phosphenes & Allegories
United Freedom Collective,Bright Patterns
Mytron & Zongamin,Congregate
"Gregory Uhlmann, Josh Johnson, Sam Wilkes",Uhlmann Johnson Wilkes
Oren Ambarchi & Eric Thielemans,Kind Regards
Madronas,Erogenous Biome
MATTERS UNKNOWN,Silhouettes: A Dream Sphere Journal
Ben LaMar Gay,Downtown Castles Can Never Block The Sun (IA11 Edition)
Daniel Villarreal,Panamá 77
Anatolian Weapons,Yellow Ambient Tracks
Cheshmak,CHESHMAK EP
Desumanos,S/T
Ezra Feinberg,Soft Power
Şatellites,Aylar
Dwiki Dharmawan,Rumah Batu
Dwiki Dharmawan,Hari Ketiga
Lump Records,PSI V/A [Lump Records]
Eyal Talmudi,Sonolodge
Alina Bzhezhinska and Tony Kofi,Altera Vita
KARKARA,ALL IS DUST
Volcano Lazerbeam,Union
LITE,STRATA
Madronas,Petrified Microdot
Pneu,L'Offre Culturelle
Maia The Artíste,Waters Deep
Krokofant,6
Jembaa Groove,Ye Ankasa | We Ourselves
Laíz & The New Love Experience,Ela Partiu
Sonic Interventions,Do You Remember?
Bareto,El Amor No Es Para Los Débiles
Loud Diamond,Vacation Imagined
Seljuk & Hada,Kinder Satellite Transmissions Vol 1. Fragen Richtung Cosmos
Anadol & Marie Klock,La grande accumulation
Thorn Wych,Aesthesis
Thme,Anti Atlas
Project Gemini,Colours & Light (Deluxe Edition)
Bhajan Bhoy,Peace Frequencies / Healing Frequencies (The WFMU + WGXC Sessions 2023)
Bhajan Bhoy,Bhoy On The Wire
the closer we are to dying,bleakness + beauty [in north wales]
Lynn Avery & Cole Pulice,Phantasy & Reality
Smoke Bellow,Structurally Sound
Mulianne Joor,Pandu'
Oiapok,OisoLün - First album! - Release 02/09/2023
crewq records,Music for Various Artists Works
Léa Ciechelski,Franges (démo)
auntsoot,How to deal with your tears I
Nu Genea,Bar Mediterraneo
Nihiloxica,Kaloli
Àbájade,Latopa
Paris DJs Soundsystem,Le Son de la Ville Lumière Vol.1
Grant Phabao,Magic Kingdom
Yalla Miku,Yalla Miku
UFOm,Aliens Are Real
Ludwig Wittbrodt,Schleifen
Astrobal,L'uomo e la natura
MATTERS UNKNOWN,We Aren't Just
Asynchrone,EP - Kling Klang
Asynchrone,Fire Cracker
Nico Georis,Plant Music Vol.3 - The Golden Teachers
Tryphème,Odd Balade
Nuke Watch,Pepper's Ghost
Gregory SALLET,Gravitation
Polyphème,Le Rêve de Polyphème
Yazz Ahmed,Polyhymnia
Felix Henkelhausen,Deranged Particles
Sinem,Köşk
The Archetypal Syndicate,Happy Transmutation
Dave Devine featuring Greg Garrison & Scott Amendola,Hive Mind
Bertrand Gauget & Didier Lasserre,MEHR
Sommeil de Brute,IS an Alternating Current
Jibóia,Salar
Tiago Sousa,A Thousand Strings
aquaserge,Aquaserge - New Information Order
Sable Blanc,New Places
FluFlaFen,Sorcery Sauce
"SYLVIE COURVOISIER feat. Wadada Leo Smith, Christian Fennesz, D. Gress, N. Wooley, K. Wollesen",Chimaera
Vintage Cucumber,Behind the Rainbow
PEZ GLOBO,Temporada en Neptuno
Ursula's Cartridges,Invitation to the Ice Queen's Prom
Yara Asmar,Stuttering Music
Signora Ward Records,The Midnighters Vol. I
Boris Boublil : Mù,Tzotzil
Gilles Poizat,Trouvé perdu
Abacaxi,Quetzal
Lighter,Massage
koeosaeme,Mauve
boycalledcrow,eyetrees
JTD Collective,Tales from Dance (Live Session)
Beat Detectives,Legal Weed
Amkarahoi,Uncle Reed In The Purple Mine
Aristidez,Uncultured Rhythms
Carlo Alexandre Teixeira (project conception),Tekó Porã
Faraway Ghost & Sunken Cages (Zelzeleh),Ashk Haye Moghavemat
Stefan Orins Trio,October 11
Toc & Paulina Owczarek,Psychedelic Jelly
Le GGRIL,Sommes
emanative,Abstract Intuition
Vincenzo Della Ratta,Gongs of the Bahnar: A Buffalo Sacrifice Ceremony
Surya Botofasina,Ashram Sun
Kalozin,Prakatun
Neues Universum,"Movement, Form and Expression"
TENGGER,TENGGER
The Melting Sculptures,Vol. I
Hayden Chisholm & Seljuk Rustum,Hayden Chisholm & Seljuk Rustum
Black Merlin,Proto World
Black Merlin,Distance
Alexandre St-Onge,Aura—><—Aura
Ak'chamel The Giver of Illness,Foreskin of Enlightenment
Réservoir,La pêche aux ondines
fumerolles,cicadoidea
Paul Ngozi,Lightning and Thunder
amkarahoi,joynopatience
Mårble / Dolphin Hospital / Miss Mårble,Violence au Bois de Vincennes
Mårble,Black Mårble
Dolphins / Odopt,Dolphins / Odopt - Split EP
Ruth Goller,Skyllumina
Yara Asmar,Home Recordings 2018 - 2021
Meridian Brothers,Mi Latinoamérica Sufre
Delphine Dora,Hymness Apophatiques
Megabasse,Au royaume de Pacheco
Lofting,All That Leaves
memotone,Spring Clean
Nate Mercereau,SUNDAYS EXPANSION
Nate Mercereau,Excellent Traveler
Tryp Tych Tryo,Warsaw Conjunction
Misc,Partager l'ambulance
memotone,Tollard
Ciccio & 2mo,Maremoto
WET TUNA,WARPING ALL BY YOURSELF
WET TUNA,TAPERS POT
University Challenged,Oh Temple!
Omni Gardens,Golden Pear
Saturno 4000,Ma Belle Fille / Solar Heart
Ill Considered,Precipice
Ill Considered,ILL CONSIDERED 3
DJ Sacred,The Sacred Grove (Sacred Mixes Vol.VI)
SVITI,MOCHI
Various Artists,"Ya Hasra: Jewish-Tunisian Jewels, Originals & Reworks"
Sandman Project,Where Did You Go?
Aron And The Jeri Jeri Band,Sunugal Dub
Kinkajous,Nothing Will Disappear
Major Parkinson,Take the Prescription
Baaba Maal,Teddoungal Dub Feat Baaba Maal
aquaserge,La Fin de l'Economie
mårble / dolphin hospital / minereed & chereshenkaa,Porte de Dieux
Bruno Billaudeau & Richard Comte,To Sit In The Devil's Chair And Watch The World Fall Apart
Julien Gasc,Grand Jardin
Avalanche Kaito,Talitakum
Philippe Crab,Coucouville
Kinkajous,In The Void of All Things
Turn On The Sunlight,Canoga to Haʻikū
Mei Semones,Kabutomushi
JTD Collective,Beauty from Nothing in the Age of Stars Vol.2
JTD Collective,Beauty from Nothing in the Age of Stars Vol.1
The Go! Team,SEMICIRCLE
The Go! Team,We Just Won't Be Defeated (CV Vision Remix)
Polar Inertia,Kinematic Optics EP
Saïd,Saïd - Menimeny
Nino Gvilia,Nicole / Overwhelmed by the Unexplained
Yotam Silberstein,"Yotam Silberstein: ""Universos"""
Champagne Dub,Rainbow
The Art of the Sun,Intonent Hodie - Reel To Reel Tapes
Lavarr The Starr,Illusions Ago
Léonore Boulanger,Feigen Feigen
Hot Mule,Wagadu Grooves: The Hypnotic Sound of Camara 1987-2016
hyperclean,Hyperclean
YUNIS,Mulid El-Magnoun
YUNIS,Unss
FaxMarley,Songs for Ants (Extended Version)
memotone,How Was Your Life?
Healing Force Project,Melts In Your Mind
H O L D E N,L'ESSENTIEL - CD1 (CHAMPS) & CD2 (HORS CHAMPS) compilation
Folklore Tapes,Naïa La Sorcière de Rochefort-en-Terre
Various- Burkina Faso vol.3,Burkina Faso: Volume 3
Madhuvanti Pal,Madhuvanti Pal - The Holy Mother (Plays The Rudra Veena)
ddb,This Band IS Real - Mixtape
Olufemi,朝崎郁恵  - よいすら節 (Ceremony Remix)
Olufemi,Mikal Asher ft.Gary Davis - Red Gold And Green (Ceremony Remix)
Olufemi,Mtume Umoja Ensemble - The Prayer Sifa (Ceremony edit)
La Souterraine,L'AMOUR EST UN OS
Andy Hay,Children Of The Sun. (Double album).
PQR-Disques plusqueréel,CHEVAL FOU
Gris,Il était une forêt...
Noël Akchoté,"Inside C.C. (Charlie Christian At Half-Speed), (For Guitar)."
IKESTRA,IKESTRA
Luis Erades/Avelino Saavedra,La inmunda vida de San Gulik
Sun Ra & His Arkestra,Jazz in Silhouette (Expanded Edition)
Chris McGregor's Brotherhood of Breath,Travelling Somewhere
Curlew,CBGB 1987 / Taktlos Festival 1986
Daniel Ögren,Fastingen-92
Yara Asmar,synth waltzes and accordion laments
Léonore Boulanger,Feigen Feigen
Horse Lords,Live in Leipzig
Unmute,Unmute
Diego Caicedo,Monstrus Exocis
zzzahara,Tender
M.A.F.H.,More Acid For Hegel
Ruth Anderson & Annea Lockwood,Tête-à-tête
BLOWSOM,1901 - PART I
"Amir Bresler, Nomok, Nitai Hershkovits",Rollin' Until Late
Lucio Bukowski & Oster Lapwass,Les Dieux Ne Jouent Plus au Billard Électrique
Gaétan Nonchalant,GAÉTAN NONCHALANT Changement de programme
Emmett Elvin,Being Of Sound Mind
"Musique Chienne, Cheptel Records",Salle d'une Fête
Musique Chienne,Je Sors ( Joe Jackson - Steppin' out Cover )
Bex Burch,There is only love and fear
CLAVICULE,FULL OF JOY
Radian,Distorted Rooms
Sally Anne Morgan,Carrying
Señor Service,Don't PaNic
I Fanciulli d'Europa,Il Fanciullo d'Europa
Eyal Talmudi & Rejoicer,The Audience
Motorpsycho,Yay!
Chouk Bwa & The Ångstromers,Ayiti Kongo Dub #2
Chouk Bwa & The Ångstromers,Vodou Alé
Chouk Bwa & The Ångstromers,Somanti
STATION 17,Oui Mixe
République Atypique,Tous Furie
Cinq,E.P. Volume 2
Cinq,E.P. Volume 1
Grimório de Abril,Missa para a Noite de São Sarkis
Sam Reider,Petrichor
SLUGish Ensemble,Live at Sam First
Beats & Pieces Big Band,Good Days
Vael,Kairós
Laughing Ears,The Forest That Hears 听森
Alto Bloom,the fleeting nature of things
Legit Biz,Mediocore
Marlais,Stream Of Forms
Babau & Bienoise,looongplay
Etienne Ziemniak,lo rytm
Trans Zimmer & The Djs,Trans Zimmer & The Djs
Ex-Friendly,Time & Tide
Vague Imaginaires,L'île D'or
Reptilian Expo,Cunti
Mondoriviera,Frenton Cantolay
Tin Man,Hidden Acid
Saint Abdullah,Inshallahlaland
Steve Roden,lamp (within​/​without the skin)
Céline Gillain,Mind Is Mud
Martha Rose & GRIP TIGHT,Never B Mine
"Martha Rose, GRIP TIGHT",Come on Over
Alabaster DePlume,Come With Fierce Grace
N KRAMER,Altered Scenes and Slight Variations
M. Sage & Zander Raymond,Parayellowgram
Honestly Same,Hot Plate Only
Black Panda Beach,§#&*µ
Grupo Um,Starting Point
Eje Eje,Five Seasons
Jordan Glenn's BEAK,Garden Variety
"BPB Tribe, featuring Black Panda Beach, Vox Populi! & Alex June",Verano session
Labelle,NOIR ANIMA
Carlos Niño & Friends,"Carlos Niño & Friends - Live at Commend, NYC"
Fonira,How to change your mind ?
L'Eclair,Confusions
Memoosh,"Livetape (Bristol, April 2022)"
LA Priest,Fase Luna
tarotplane,Panthalassa
tarotplane,Murmuration
Ruth Mascelli,Non-Stop Healing Frequency
Mars Leder / ERIS,WUB001
model home and Tooth Choir,still stackin ft. Tooth Choir
Saddam Webcam,Excès de beurre & Ruine morale
Ricardo Dias Gomes,Real News
robert chamberlain,mutable sign
Saroon,Gilgul
model home,smmr mmry
p cain,p cain 6
Sophia Djebel Rose,Métempsycose
Wolf Eyes & Model Home,More Difficult Messages
Wolf Eyes w/Tangled Ray,The Agaricus Sponge
Wolf Eyes,IN SPLATTERED TIME
Saint Abdullah,Ta Tash
Saint Abdullah & Jason Nazary,Evicted In The Morning
Saint Abdullah & Jason Nazary,Looking Through Us
Baba Commandant and the Mandingo Band,Baba Commandant and the Mandingo Band - Sonbonbela
ACID MOTHERS REYNOLS,Vol.1
Chela,Diagonal Drift
CHEVAL FOU,"""Couteau Calme"" 10 titres"
Dwight Trible,What The World Needs Now Is Love / Tryin' Times (ft Matthew Halsall)
Knoel Scott feat. Marshall Allen,Celestial
Matthew Halsall,An Ever Changing View
Carlos Niño & Friends,Assortment for Susan's
Carlos Niño & Friends,Bliss On Dear Oneness
Carlos Niño & Friends,Actual Presence
Radha Botofasina,Carry On/ The Spirituals Vol. 2
Oursin,des marées
Aksak Maboul,Une aventure de VV (Songspiel) (Made to Measure Vol. 48)
Ekiti Sound,Drum Money
Valentin Ceccaldi,Bonbon Flamme
HVCKER,All Lights
MOVE,The City
Fizzy Veins,Dances With The Cosmic Twin
Montel Palmer,Südstadt
Kinematik,Ensemble 1: Al Jadi / Capricorn [Annihaya & Ruptured]
Karkhana,Bitter Balls [Annihaya & Unrock]
Circuit Diagram,Werkschau
C418,Minecraft - Volume Alpha
I:Cube,I:CUBE – EYE CUBE  (VERLP45)
Jonathan Fitoussi / Clemens Hourrière,Jonathan Fitoussi / Clemens Hourrière - Espaces Timbrés - [VERLP35]
Jonathan Fitoussi / Clemens Hourrière,Cymatics (I:Cube Remix)Free download.
Chimère FM,Chimère FM
Dexter Goldberg Trio,"Dexter Goldberg: ""Caliboudja"""
Christophe Panzani,Curves & Dimensions
christophe panzani,Lost in Between
Transglobal Underground,Walls Have Ears
Loop Guru - Official,The Other Chamber
Loop Guru,Paradigm Shuffle/Hope EP
Loop Guru,DUNIYA
Loop Guru,LOOPUS INTERRUPTUS
ddb,The Harm Series
Animal Collective,Time Skiffs
Animal Collective,Defeat
Panda Bear,Buoys
Panda Bear & Sonic Boom,Reset
Panda Bear & Sonic Boom,Reset in Dub
Imarhan,Aboogi
Imarhan,Ihad Saman
Project Gemini,The Children Of Scorpio
Project Gemini,After The Dawn
Alhaji K. Frimpong,Abrabo
Sons of Zevedeus,Sons of Zevedeus
Fågelle,Den svenska vreden
X.Y.R.,Memory Tapes
Jake Ferguson featuring Malcolm Catto,MILS002: Emotions Run Dry
Loris S Sarid,A Tiny Reminder
Habib Koite,Kharifa
Caixa Cubo,Agôra
Parquet,Mud EP
Oreku,Disko Alwanzatar (SF011)
Pick a Piper,Remixes
Peter Zummo,Deep Drive 2 +
Dinosauria,"A Myth, Nothing More"
The Bob Lazar Story,(sic)
L'Eclair,Cruise Control
Sivat Selim,Mårja
Upupayāma,The Golden Pond
Koyil,Healing Cycles
Psee / Mårble / Koyil,Trainspotti
Mazalda - TurboClaper's,Special Key
Vague Imaginaires,L'Île Sous l'Eau
Cru Servers,EEL
Material Things,2015-2020
Bruxula,Dark Farfisa EP
Loris S. Sarid & Innis Chonnel,Where The Round Things Live
Yosef-Gutman Levitt,Soul Song (with Lionel Loueke)
Rave At Your Fictional Borders,Factualism
Not Mine But,Is That So? EP
Y_Y,Wordless Groans
HEIMAT,Zwei
Accident du Travail,Accident du Travail - Galejade
Accident du Travail,Live at Cafe OTO
THE YELINS,Moon On The Rocks
Stuck in November,First Visit To Camp Telepathy
M'lumbo,The Summer of Endless Levitation
Andy Emler MegaOctet,A moment for...
JJ Whitefield,MILS001: Ethio Meditations / Drama Al Dente
YMIR,PLEIN-AIR
Capsul Records,Bobo & Behaja - Tantely Male Zay (single)
Richard Norris,Music For Healing - Equinox 4
Circular Void,Drifter
Astral Magic,Am I Dreaming?
Baba Commandant & The Mandingo Band,Sira Ba Kele
Baba Commandant & The Mandingo Band,Juguya
Dezron Douglas,ATALAYA
Rob Mazurek - Exploding Star Orchestra,Lightning Dreamers
Asher Gamedze,Turbulence and Pulse
Alabaster DePlume,Salty Road Dogs Victory Anthem
Fantastikoi Hxoi,Fantastikoi Hxoi II
Anatolian Weapons,Spiritual Music - The Afterglow Edits - Vol.9
Anatolian Weapons,Spiritual Music - The Afterglow Edits - Vol.3
Fantastikoi Hxoi,FH - The Infinity Archives Vol​.​3
Anatolian Weapons,Selected Acid Tracks
Anatolian Weapons,Anatolian Weapons - Into The Void EP
Alabaster DePlume,To Cy & Lee: Instrumentals Vol. 1
Meridian Brothers & Cyril Cyril,Diablos de Chuao / Navaja Bogotá
CYRIL CYRIL,Yallah Mickey Mouse
Alois,Night Vision
Malummí,Blood
Kalahari Surfers,Babylon Mission Report in Dub
Baka Beyond,Sogo
Paris DJs Soundsystem,Dis Is Good For You - Tropical Grooves and Afrofunk International
Kalahari Surfers,Un-0riginal Inhabitants
Surnatural Orchestra,I K I R U plays Satie
Tomotsugu Nakamura,Nothing Left Behind
Richard Pinhas,Metatron
STATION 17,Oui Bitte
Harmonious Thelonious,Cheapo Sounds
Saeko Killy,Morphing Polaroids
Tin Man,Arles
CV Vision,Im Tal der Stutzer
Thierry Holweck,When Animals Attack
Grimório de Abril,A Lung Full Of Flowers
Ultraphauna,No No No No
"High Tone, Zenzile",Zentone Chapter 2 [Zen Mix]
Brigitte Beraha's Lucid Dreamers,Blink
wnbl (formerly known as Wanubalé),wnbl
Mårble,1691
Grimório de Abril,The Glass Labyrinth
Luurel Varas,Riddles For a Machine
Sam Gas Can,II
a.P.A.t.T.,We
François Thollot.,Revolution
Horse Lords,Bending to the Lash
Mitchum Yacoub,Living High in the Brass Empire
The Gaslamp Killer & The Heliocentrics,The Gaslamp Killer meets The Heliocentrics - LEGNA
Ramdat,Maat Mons
MEMORIANCE,Et après...
HEAVY PSYCH SOUNDS Records,YAWNING MAN - Long Walk Of The Navajo
African Head Charge,A Trip To Bolgatanga
Will Hofbauer,The Shovel is a Shovel was a Shovel
Som Imaginário,Banda Da Capital
Ramuntcho Matta,s/t
Heavenly Recordings,Colleen 'Cosmo' Murphy presents Balearic Breakfast: Volume 1 & 2
Scotch Rolex and Shackleton,Death by Tickling
Collectif Coax,HÅLA DUETT 'ASÁK'
Monika Roscher Bigband,Witchy Activities And The Maple Death - Album (2023)
Hydroglyphs,Aquatic Amusement
Hydroglyphs,Monochromatic Ocean Daydreams
Жарок,Кришна
mårble / dolphin hospital,underground magic for beginners
Mårble,Dilijan Tapes
Sourdurent,L'Herbe de Détourne
Various Artists,OE 018 - V.A. - The Male Body Will Be Next Pt2
Daphni,Cherry
The Gaslamp Killer,THE GASLAMP KILLER EXPERIENCE: Live in Los Angeles
Jembaa Groove,Adesane (Pachakuti Remix)
Jembaa Groove,Susuma
Jembaa Groove,Sweet My Ear feat. K.O.G
AEA,Afflictions Incolores LP
Tinariwen,Amatssou
Tinariwen,Kel Tinariwen
Prospectus,II
Jaffar Hussain Randhawa,Guldasta
Léonore Boulanger & Jean-Daniel Botta,Un lièvre était un très cher baiser
France Sauvage,"Où les observer, savoir les reconnaître"
Sourdurent,L’Herbe de Détourne
Natural Information Society,Since Time Is Gravity
Joshua Abrams & Natural Information Society,Simultonality
Smadj,Solotronic
ISHKERO,SHAMA
Yuzo Iwata,Kaizu
nat birchall,The Infinite
nat birchall,Akhenaten
"Space Galvachers, Olivyé",LO SWAR
LBD,CIVIL
Malachit,Malachit
Ill Considered,ILL CONSIDERED
Flock,In C
Son of Buzzi,Die Hand der Riesin
Quantic & Nidia Góngora,Almas Conectadas
Quantic,Curao
Muyiwa Kunnuji & Osemako,Mo Juba O
Grant Phabao Afrofunk Arkestra,Grant Phabao Afrofunk Arkestra
PRAED,Doomsday Survival Kit
astrel k,Flickering i
Ghost Power,Ghost Power
Zippy & Connard,F.P.T.R
450BIGJ,La Vie C'est Trash - EP
LK de l'Hotel Moscou,San Francisco 2021
Lucio Bukowski & Tcheep,ASADACHI TAPE vol.3
Zima Stulecia,Minus 30°C
Dyad and the Sleepers Club,XX XX : Season 2
Ebi Soda,Honk If You're Sad
Ebi Soda,Please Don't feat. J Harli
Yann Joussein,KEEP THE BASTARDS HONEST
Praed,Doomsday Survival Kit
Town Portal,Of Violence
Naïssam Jalal,Un Autre Monde
Naïssam Jalal,Healing Rituals
approved cabin,J
Anadol,Felicita
Da Iguana,Edits from a french reptile
Da Iguana,Da Iguana - Kalim & Marim EP
Various,Serenades from Russia
Sounds Of Ogigia,Terpsichore Dance
Sounds Of Ogigia,The Romance Of Odysseus And Calypso
Anatolian Weapons,Cause And Effect
Planterose,PLANTEROSE
Vortex,Les cycles de Thanatos
Vortex,Vortex
Abysskiss,Abysskiss
Merlyn Driver,This Is the Corner of a Larger Field
Curlew,Mercury
Oishi,once upon a time there was a mountain
Sharkiface,Climax In A Process
Misha Sultan × Пурпурный Дядя,Кураж
Echotourist Sound System,Kinder Surprise
Mitka,Sound2
Dyad and the Sleepers Club,XX XX : Season 1
Purpurniy Dyadya,33​/45
Purpurniy Dyadya,Suvaṇṇabhūmi field
Purpurniy Dyadya,Onyx
Ivan Yerofeyev,Zvonarev Koot
Liba Villavecchia Trio,Zaidín
wnbl (formerly known as Wanubalé),Nadra / Loose Focus
wnbl,Still Not In Space
wnbl (formerly known as Wanubalé),Who Is She feat. EVÎN
"Musique Chienne, Acid Waxa",ACIDEBOUT
"Musique Chienne, Cheptel Records",Être en vie
Seljuk Rustum,Cardboard Castles
Piper Spray & Lena Tsibizova,Leaving Memory
John Carroll Kirby,Tuscany
Michael J. Blood,AS IS
STEAK,Steak
Papanosh,A Very Big Lunch
Magpie Trio,Magpie Trio: Live
IzangoMa,Ngo Ma
"Karim Ziad, Honey Hell",Karim Ziad - Sandiya (Honey Hell Remix)
Maalem Mahmoud Gania,Colours of the Night
Dur-Dur Band Int.,The Berlin Session
SHOEFITI,CityT error
CLAVICULE,Full Of Joy
Chapelier Fou,Méridiens
Chapelier Fou,Ensemb7e
HALO MAUD,Pesnopoïka EP
HALO MAUD,Catch The Wave
Marlene Ribeiro,Toquei no Sol
Ratkiller,A Curious Lack Of Limbs
Gregory SALLET,Respire - soprano sax solos
Bhajan Bhoy,Bhajan Bhoy - To Love Is To Love Volume 2
Bhajan Bhoy,Bhajan Bhoy - To Love Is To Love Volume 1
Various Artists,Indaba Is
Beat Love Oracle,Turning The Table
László Hortobágyi,The Amygdala Expedition
nepaal,nepaal - Black Batik Volume I
Cardinal Fuzz Shop,nepaal - Black Batik Volume II
Loren Chasse & Juho Toivonen,Aclod
Zeitgeist Freedom Energy Exchange,Prayer For Peace
Fernmage,Brackenlore
Silent Garden,Demos II & III
Loris S Sarid,Seabed-Sunbath
Joey Alexander,Origin
Hughscore,Delta Flora
Healing Force Project,"Future Form, Functionless"
Epic Reflexes,Ring of Flowers
Al Doum And The Faryds,Spirit Rejoin
BROKEN DEVICES,One Knee on the ground
"Broken Devices, Drowning Dog",Clouds
TUKAN,Atoll
TUKAN,TUKAN
Jan Van Angelopoulos,Μάτια Καστανά
Sleep,Dopesmoker
Avalanche Kaito,Avalanche Kaito
High Castle Teleorkestra,The Egg That Never Opened
Turn On The Sunlight,You Belong
James Asher,Shamans` Almanac: Drums - James Asher
Moussa Tchingou,Tamiditine EP
Join The Din,Join The Din
Join The Din,Elephants In Autumn Rage
Surface 10,A Stray Ending (DiN77)
"Minereed, Chereshenkaa, Mårble",Golden Shiner
Kot Kot,i pni
Timelash,A Morphology Of Wonders
Jéricho,De Dreit Nien
France,Occitanie
Le Diable Degoutant,Fleur De Chagrin
Le diable dégoutant,Fleur de chagrin
Ivan The Tolerable,"Black Water/Brown Earth (LP/CS/DL, Up In Her Room, 2023)"
DJINN,Transmission
Tempo Temple,PT012 - Tempo Temple - Enter The Temple EP
Julian Sartorius,Mux
Sublime Frequencies (Various Artists),A Beginner's Guide to Sublime Frequencies Vol 1&2
KADEF,Kadef
Apophenie,Apophenia
London Brew,Miles Chases New Voodoo In The Church (Single Edit)
London Brew,London Brew
Matteo Uggeri and Cricket on the Radio,All the Way Down
Benedikt Frey,Benedikt Frey - 1987
Various Artists,Risks Issues Opportunities II
ALBERTO N.A. TURRA,JINN
Sungod,Starscape
Dok-S Project,Under a Cloudy Sky
Shay Hazan,Reclusive Rituals
Makucevich,Halsey's Trip
M. Takara & Carla Boregas,Grande Massa D'Agua
Commander Spoon,Flock
Dali Muru & The Polyphonic Swarm,Dali Muru & The Polyphonic Swarm
Jabu,Boiling Wells (demos '19-'22)
Nein Rodere,Sketches from Summer
Time is Away,Ballads
Touraj,"Me without you, the spring without you"
Suryummy,Polynators
Futurangelics,Futurangelics
Surya Botofasina,Everyone's Children
Arian Shafiee,Pastorale
Andrew Tuttle,Fleeting Adventure
Andy Aquarius,La Force Aquarienne
I.P.A.,Bashing Mushrooms
Nicolas Gaunin,Himene Tarava
Assa Star,Naguera
Lay Llamas,Space Totem
Lay Llamas,Sunburned Dreamlike Safari
Ingrown Records,Ingrown Compilation (2021)
Inkarose,A Love Letter to Water
Tarotplane,Aeonium
H Takahashi,Body Trip
Assembly of honey,無法翻譯的文字遊戲
Astéréotypie,Aucun mec ne ressemble à Brad Pitt dans la Drôme
Orchestre Tout Puissant Marcel Duchamp,We're OK. But We're Lost Anyway
Bhajan Bhoy,That Summer Oh Creator! EP
Oroboro,NOVOID
Ludwig Wandinger,Spiritual Decay
Embrace,The Human Element
Loud Kid,No Rest for Dreamers
Bhajan Bhoy,Shanti Shanti Shanti
3nd,view from here
ddb,The Odd
Marc Codsi,The Silence Between The New World And The Aftermath
elyse tabet,Low Toms Bright Bells and Darkest Spells
Matt Evans,Soft Science
Plaid,Feorm Falorx
Sarathy Korwar & Upaj Collective,Night Dreamer Direct-to-Disc Sessions
Universal Liberation Orchestra,Communion
La Battue,In The Attic
Metal Preyers,Shadow Swamps
White Manna,First Welcome
Noise Manifesto,10 YEARS - PART 2
Ivan The Tolerable,"The Aleph (LP/DL, Echodelick Records, 2022)"
Dave De Rose,Levels Of High
Dave De Rose,ACTIVATE
TROMBE,Lp
M. Takara & Carla Boregas,M.TAKARA & CARLA BOREGAS - LINHA D'ÁGUA
Wau Wau Collectif,Mariage
XVARR,Transitional Being
XVARR,Beyond Illuminism
Horse Lords,Comradely Objects
Quattro,Escape From The City
LIQUID BRAIN ORCHESTRA,Turquoise
Danalogue x Alabaster dePlume,I Was Not Sleeping
Beth Orton,Weather Alive
Planterose,En Paix
Planterose,La Bande Est Décimée
Agile Experiments,Challenger/Edwards/De Rose
Tau & the Drones of Praise,Misneach
Heimat,Remixes
HEIMAT,Heimat
FONCEDALLE,Traboule EP
Julien Tassin,Pictures From Home
Julien Tassin,(A)Void
Electric Vocuhila,Kiteky
Pili Coït,Love Everywhere
MADMADMAD,MORE MORE MORE
Son Rompe Pera,El Saleroso
Ivo Neame Quartet,Caught in the Light of Day
Challenger / Tremblay,Twill
Ivo Neame,Glimpses of Truth
Ivo Neame,Moksha
Brigitte Beraha's Lucid Dreamers,Lucid Dreamers
Vula Viel,What's Not Enough About That?
Vula Viel,Do Not Be Afraid
Vula Viel,Good is Good
Rough Fields,Rough Fields Remixes (2011 - 2015)
Electric Jalaba,El Hal / The Feeling
Iceblink,Carpet Cocoon
Atoris,Sea & Forest
Nikitch & Kuna Maze,507 Miles High (IG Culture Remix)
Circé,Alcali
Capsul Records,So-lo-lo #3 : Basa-basi
STAR FEMININE BAND,In Paris
Masal,Ahora
Masal,Viens des quatre vents
King Gizzard & The Lizard Wizard,Made In Timeland
Voxatone,Figure I.108/Figure III.122 (APDLT022)
Janax Pacha,Yokha EP
The Day Goes,The Day Goes EP
Agile Experiments,Bloom Anubis
Grande Gufo,Grande Gufo
IO Audio Recordings,Awaiting The Elliptical Drift & VVK
Fusion Affair,Venom
Nat Birchall Unity Ensemble,Spiritual Progressions
KUTU,Guramayle
Maxwell Simons,Rua 29
Dunums,Where's My Eidi?
Let Spin,Thick As Thieves
Nihiloxica,Kaloli Recycled
Nihiloxica,Tewali Sukali
Makaya McCraven,In These Times
Bêl,Argusøyne
Naujawanan Baidar,Naujawanan Baidar
Ian Boddy & Erik Wøllo,Revolve (DiN73)
Polypores,Hyperincandescent (DiN71)
Lady Aicha & Pisko Crane's Original Fulu Miziki of Kinshasa,N'Djila Wa Mudujimu
Tarotplane,Aeonium
Zopp,You
Lay Llamas,Goud
Tom Van Der Geld,Small Mountain
Al Doum and the Faryds,Freaky People
Cole Pulice,Gloam
Cole Pulice,Scry
Black Jesus eXperience,Good Evening Black Buddha
tarotplane,358 Oblique
tarotplane,The Ektachrome Dawn
S A D,Studia Spiritual
Akusmi,Fleeting Future
memotone,Memotone LP
memotone,Clever Dog
Tarotplane,Horizontology
Jaaba,Music Home
Eddy Woogy,Nardinoumouk
Zeitgeist Freedom Energy Exchange,Sci-Fi Jazz Directions
Noah Fürbringer And Friends,Moonwalker
Misha Panfilov,The Sea Will Outlive Us All
Derek Gripper,Billy Goes to Durban
krajenski.,B-3 Vol. 1
Wild Terrier Orchestra,EVEN THE CHIMERA
JuJu Sounds,Mono Egypt
Gyedu-Blay Ambolley,Gyedu-Blay Ambolley and Hi-Life Jazz
An'Pagay,Somin Tegor
Ukandanz,4 Against The Odds
Delphine Dora,"Live @ Sonoscopia (Porto, Portugal)"
Ameliorate Records,Playground
GNAWA MUSIC OF MARRAKESH,Night Spirit Masters
Djam Karet,New Dark Age
Monte & Dinastia Torres - Electro Pacifico,Monte - El Duende
Afrocolombian ancestral Music from Pacific Coast  /  Currulao y Marimba,Dinastia Torres - Los Duendes de la Marimba - Afrocolombia !!
AR.MA.,Peryhelium
Four Tet,Mango Feedback
Delta Sleep,Afterimage
Artem Bemba,HARVEST
Clear Path Ensemble,Solar Eclipse
Art-X,Spiritual Father
Mårble,Green Snake
Miss Mårble,"Das Kameel, der Löwe und das Kind"
Duny,Sanatorium
Misha Sultan,Kreuzberg
Misha Sultan,Translucence
Orchestre Poly-Rythmo De Cotonou Dahomey,Le Sato
Shersh,Infernal Loops - [MRMD005]
Julien Desprez - Jean Luc Guionnet - Phillipe Gleizes / Hippie Diktat Feat. Aymeric Avice,- Split Sessions -
Quartet Maltais : Abdou - Dang - Foussat - Orins,Le Goût du bonheur
Aymeric Avice & Jean-Marc Foussat,Envol
UNDAE TROPIC,EXTRA FLORES
Pyrolator,Niemandsland
God is God,Metamorphoses
Collectif Coax,LA PEUGE EN MAI
Ensemble Nist-Nah,ELDERS
Delphine Dora ft. Pacôme Thiellement,un monde sans dehors / un dehors sans monde
Delphine Dora,Hymnes Apophatiques
OORT CLOUD,Day In Day Out Live
BKO,Djine Bora
staraya derevnya,Boulder blues
staraya derevnya,Forgot what was important
The Utopia Strong,International Treasure
Led Bib,Bring Your Own
Jacob Garchik,Assembly
Stop Motion Orchestra,Hydnora
Egg Helmet Ensemble,Inner World Music
Wrupk Urei,WU WEI
Wrupk Urei,Ela
Wrupk Urei,kõik saab korda
EDQ (Elton Dean Quartet),They All Be On This Old Road
Mammock,KLMT (live)
black midi,Hellfire
Yog Mårblananda,Path of the Yogi
Circuit Diagram,Ursumpf
Mariano Gallardo Pahlen,Los Sueños de los Otros - Album
Miranda Arens,"Global Meditation, Nueva Realidad & Tarde de Miercoles"
JOYFULTALK,Familiar Science
Julian Belbachir,Babdoukkala
Zeitgeist Freedom Energy Exchange,ZFEX Vol.II
Lionel Martin,L.A.B / 22   ( Long.Amazing.Bundle )
Lionel Martin,SevitcepsrepuS
Aural Atmospheres,Southwestern Esoterica
Being,FIREC030 Broxburn Funk
Penza Penza,Neanderthal Rock
Andy Hay,The art of lost songs.
Loris S. Sarid,Music for Tomato Plants
Jazzoux,Quand le jus de rythme...
Afrodyssey Orchestra,Under the Sun
Baligh Hamdi & Magid Khan,Indo-Arabic Variations
Lucio Bukowski & Haymaker,L'Homme Vivant
Davide Cedolin,Contemplations and other Instrumentals from the Valley
Nuno Rebelo/Pablo Schvarzman/Diego Caicedo,Perceptual Motion
Reid Karris,We Enter the Circle After Dark and Are Consumed by Fire
The Very Big Experimental Toubifri Orchestra,Dieu Poulet
Tumi Mogorosi,Group Theory: Black Music
The Sultan's Swing,Ignite
The Sultan's Swing,Matter of Urgency
September Sun,September Sun
Imroel-Quays,Something Struck (feat.Will Plowman)
Lucio Bukowski & Nestor Kéa,Matériel Boréal
Minereed,Time Bullet
AIR Krew,Loss Reward
Bisamråtta,Travels
Onom Agemo & The Disco Jumpers,Liquid Love
Onom Agemo & The Disco Jumpers,Magic Polaroid
SPAZA,SPAZA
On Our Own Clock,On Our Own Clock
Mushroom Grandpa,Mushroom Grandpa - Sleep In Herbs
Ko Shin Moon,Miniature II
ESINAM,Shapes in Twilights of Infinity
nat birchall,AFRO TRANE
Adam Badí Donoval,Sometimes Life Is Hard And So We Should Help Each Other
Kiki Kudo,Profile Eterna
Ciccio & 2mo,24 96
Lunch Money Life,Immersion Chamber
ProjectKarnak,Equinox EP
Monzanto Sound,Time Lapse EP
Joe Harvey-Whyte,Flatland / Spaceland
TRUC,Le début de la fin
Shawn Lee & Misha Panfilov,Space & Tempo
Double A & Vax1,23h59
bruit direct disques,Chronophage
jagama,Kill
Lucio Bukowski & Tcheep,ASADACHI TAPE vol.2
R U Init,Aceeed
Shalabi Effect,Floating Garden (EP)
Sam Shalabi,Bennu
"Jac Berrocal, Vincent Epplay, David Fenech",Transcodex
Mazalda - TurboClaper's,DAUPHIN
Nikitch & Kuna Maze,Débuts
JOAKIM,Second Nature Remixes
Shoko Igarashi,Simple Sentences
Rhabdomantic Orchestra,Almagre
Kibrom Birhane,Here And There
Rabii Harnoune & V.B. Kühl,GNAWA ELECTRIC LAUNE II
Commander Spoon,Spooning
Coral Club,Lost Cities
HIRSUTE,Miniatures du dedans
Nikitch & Kuna Maze,Back & Forth
Dhidalah,Sensoria 認識
"Uman Therma, Yeong Die, Yetsuby",Vol.7
Borja Flames,Nuevo Medievo
Gustavo Yashimura,Living Legend of the Ayacucho Guitar
Yussef Kamaal,Black Focus
Omar Khorshid,Omar Khorshid – Guitar El Chark Vol.1
Sylvain Rifflet with Verneri Pohjola,Cake Walk from a Spaceship
Paul Dunmall Quintet,Yes Tomorrow - 134CD (2022)
Sun Ra Arkestra,DANCE OF THE COSMO ALIENS / DOOR OF THE COSMOS
Aaron Dilloway,Blue Studies (For Tom Smith)
Širom,The Liquified Throne of Simplicity
Maria Chiara Argirò,Forest City
Damo Suzuki & Spiritczualic Enhancement Center,Arkaoda
Afrorack,The Afrorack
Peter Zummo,Frame Loop
Mental Groove Records / Musique Pour La Danse,DJ Athome presents Spaced Out!
Rabii Harnoune & V.B. Kühl,GNAWA ELECTRIC LAUNE
Rabii Harnoune & V.B. Kühl,Aisha / yourboykiran & Chandé Remix
Rebecca Vasmant,Dance Yourself Free EP
Sun Ra Arkestra & Salah Ragab,Sun Ra Arkestra Meets Salah Ragab In Egypt
Collectif Astéréotypie,astéréotypie
ASTÉRÉOTYPIE,AUCUN MEC NE RESSEMBLE À BRAD PITT DANS LA DRÔME
Ben Marc,Glass Effect
Planet Trip Records,Ordinary Dreams Vol 2 - VA
Eternal Love,PT009 - Eternal Love - Altar EP
Vox Populi!,Psyko Tropix
Cassauto,Adieu carcasse
Capsul Records,Daumenkino Trio
Dead Neanderthals & Aaron B. Turner,Corporeal Flux
RITUAL HABITUAL// Riccardo Marogna reeds & synths/Gonçalo Almeida doublebass/Philipp Ernsting drums,Pagan Chant ( Clean Feed 2021)
Dog Dimension & The Sticky People,Agonizer Of 1998
Misha Sultan,Roots
corto.alto,Not For Now
Julieta Eugenio,JUMP
Şatellites,Şatellites
Ralph Heidel,MODERN LIFE
Jamie Leeming,Resynthesis
Frost Clad,A Hunter's Delight
K.O.G (Kweku of Ghana),"Zone 6, Agege"
MC KER·6,plusieurs morceaux à la suite
Flock,Flock
Baeshi Bang & Ip Koa Son,KANG KANG SULLAE 강강술래
Thierry Holweck,Cubic Vison volume 1
Les Filles de Illighadad,Eghass Malan
Jules Brennan,Wamono (1st version)
Helmet of Gnats,Travelogue
Bess of Bedlam,Dance until the crimes end
Luke Stewart,Luke Stewart Exposure Quintet
The Electric Nature,Trance Music Vol I
Greg Spero,The Chicago Experiment
Alabaster DePlume,GOLD – Go Forward in the Courage of Your Love
Brad Mehldau,Jacob's Ladder
Lynn Avery & Cole Pulice,To Live & Die In Space & Time
Modern Nature,Island Of Noise
Miriodor,Cobra Fakir
Andy EMLER / Claude TCHAMITCHIAN / Eric ECHAMPARD (ETE Trio),The Useful Report
Les Dynamites / Radio Trip,Pop Oud #2 / No Oud
Soccer96,Inner Worlds
Signora Ward Records,WARD054 - NEONNOONE - Noir & Jazz & Dark & Slow ASMR EP
Etienne de la Sayette & Wild Horses Orchestra,RUE VERON
Otok,cabrioles cérébrales et accidents psychotiques
Tigran Hamasyan,StandArt
Healing Orchestra,Free Jazz for the People!
Evergreen,Sign In EP
R U Init,The Raver (3am)
Fulu Miziki,Ngbaka EP
Fimber Bravo,Lunar Tredd
São Paulo Underground & Tupperwear,Saturno Mágico
Lobi -Burkina Faso,Burkina Faso: Volume 1
Sun City Girls,Dawn of the Devi
WET TUNA,EAU'D TO A FAKE BOOKIE VOLUME 4
Horse Lords,Horse Lords (Expanded)
YUNIS,Mulid El-Magnoun
SENSITIVE ORCHESTRA,Le Paradoxe de l'Equinoxe
Guerrera,Guerrera
Nubiyan Twist,Freedom Fables
Southern Energy Ensemble,Southern Energy
Okyerema Asante feat. Plunky,Drum Message
The Kondi Band,We Famous
El Wali,Tiris
Afous d'Afous,Tenere
Mosca Violenta,Hiatus
Nwar,Nwar
monski,CODE EP
Etienne de la Sayette,2ND FLOOR
Les Filles de Illighadad,At Pioneer Works
Wau Wau Collectif,Yaral Sa Doom
Acid Mothers Reynols,Vol. 2
Sloth Racket,Dismantle Yourself
James Brandon Lewis / Red Lily Quintet,Jesup Wagon
Let Spin,Let Go
Let Spin,Steal The Light
Kendraplex,Two Rivers
Mark Tester,Devington Circuit
Ogun Afrobeat,Unite
Sebkha-Chott,De la Persistance de la Mythologie Chottienne en ??? Vélos
sign libra,Sea to Sea
People Like Us,Welcome Abroad
François Thollot.,Infinite
Yang,Designed For Disaster
King Champion Sounds,Between Two Worlds
Dandaure / Chaman Chômeur,L'AN 1312
KAPLAA,masques
Montel Palmer,Catastropheland
Montel Palmer,Montel Palma
Signora Ward Records,Quarantine Doom Jazz vol. 5 Omicron
Bardainne Jaumet,Bardainne Jaumet EP
Maisha,There Is A Place
Angel Bat Dawid & Tha Brothahood,LIVE
Anne Quillier,compositions
James Brandon Lewis / Red Lily Quintet,Jesup Wagon
Young Pilgrims,We're Young Pilgrims
Ill Considered,Liminal Space
New Cool Collective,YUNIKōN
nat birchall,Ancient Africa
BOUCAN,S/t
Web Web x Max Herre,WEB MAX
Andy Hay,Many Rivers.
John Surman,Way Back When
Junior Reggae,These Lines
Spiritczualic Enhancement Center,Extra Dijamantski
Rizan Said,Saz û Dilan
Etran de L'Aïr,Toubouk Ine Chihoussay
Surnatural Orchestra,Tall Man was here
Derya Yıldırım & Grup Şimşek,DOST 1
Àbáse,Invocation
Àbáse,Laroyê
Temple Solaire / France,Voyage Spectral
Henri Guédon,Karma
otay:onii,NAG
KUTU,Dantada
Joshua Abrams & Natural Information Society,Mandatory Reality
Natural Information Society with Evan Parker,descension (Out of Our Constrictions)
Psychic Ills,Never Learn Not to Love / Cease to Exist
Ronald Langestraat,Apollo
Peter Graf York,Expedition Bahn
Alif,Aynama-Rtama
Maurice Louca,Saet El Hazz (The Luck Hour)
Wax People,Wax People
Feldup,"A season in the dark, a bottomless trench"
Nobod(y?),stopIaN11
The Rootsman,Essentials 1996-1998
Nicolini,Penni's Palace
Lyckle de Jong,Os
CV Vision,The Beach
Coil,Love's Secret Domain (30th-anniversary edition)
Pili Coït,Love Everywhere (Original Release)
Emmanuel Scarpa,Might Brank | The Masks
Etran de L'Aïr,No. 1
Etran de L'Aïr,Agadez
kafari,Blanket of Black
hassan wargui,AKAL
ABADIR & Pie Are Squared,Wujidat
Chafouin,Toufoulcan
soup,Remedies
Lapin,Latérale Pelouse
1000 Kings,Raw Cause
Shatner's Bassoon,Disco Erosion
PAQ,Hyphae
Reza Askari,Magic Realism
tarotplane,only backwards
George Crowley,Can Of Worms
6th apartment,gem box
Wobbly,Zero Monitress
Iceblink,Carpet Cocoon
SiP/Prezzano,SiP/Prezzano
American Cream Band,Dark Hemisphere
Ghost Rhythms,Spectral Music
Grand Veymont,Grand Veymont
Mark Tester,Oblivion Rhythms Revisited
Nicolas Gaunin,Hulahula Kāne
Aksak Maboul,Un peu de l'âme des bandits
MoRkObOt,MoRbO
Diagonal,4
aquaserge,The Possibility Of A New Work For Aquaserge
Equipment Pointed Ankh,"EQUIPMENT POINTED ANKH ""Without Human Permission"""
Colin Mansfield,Millions
Cloud Of I,Gazing - EP
Nala Sinephro,Space 1.8
Untitled tape - Untitled work,Untitled tape / Untitled work
Tara Clerkin Trio,In Spring
Ivan The Tolerable,"The Long Year (Stolen Body Records, 2021)"
BO NINGEN,Bo Ningen: Rebuilt
François Thollot,The end of the past
ZAÄAR,Magická Džungl’a
King Champion Sounds,For A Lark
Signora Ward Records,Quarantine Doom Jazz vol. 4
The Orchestra Of Mirrored Reflections,Nonlinear Order
JackDupon,La République Dominicale du Zoo
Kurushimi,Chaos Remains
Matt Calvert,Typewritten
Sex Magick Wizards,Eroto Comatose Lucidity
Lucio Bukowski & Oster Lapwass,OUTRENOIR
Jim Ballon,Plastic Shores
Circé,Circé
Altavoz,Altavoz
Various Artists,"Futura Marge, Vol. 4"
Toukouleur Orchestra,Toukouleur Orchestra - Tamala
The Heliocentrics,A World Of Masks
The Heliocentrics,Infinity Of Now
The Heliocentrics,Telemetric Sounds
Sheik Anorak,GBG2
nat birchall,Mysticism Of Sound
Nout,NOUT
Goran Kajfes Tropiques,Into the wild
Hung Mung,The Place Of Dead Roads
Spiritczualic Enhancement Center,Carpet Album
Blue Mysteries,Dislocated
Kinkajous,Being Waves
Desertion Trio,Numbers Maker
Candy's Acid,Planet Nowhere
KUUNATIC,Gate of Klüna
The Worm Ouroboros,Endless Way From You
Thierry Holweck,Ballet
Circuit Diagram,Motown EP (N-C-001)
Tonochrome,A Map In Fragments
Tonochrome,Tonochrome EP
Mong Tong 夢東,台灣謎景 Music from Taiwan Mystery
MOOP,Ostara
Kürsk,11° 33' 00' N 92° 14' 00' E
YOKAI,Yôkaï
YOKAI,Sentinelle
François Thollot,Reboot
La Battue,"Get Set, Go !"
Mocke,Faces béates | hinah035
Soccer96,Dopamine
Karaba,Karaba - Schwester Mondreal (2018)
oncaffeine,onCaffeine
KORB,KORB - II
CV Vision,Insolita
Methods Body,Methods Body
Joey Alexander,Summer Rising (A Verve Release)
GIGANTONIUM,La Litanie des Cimes
Eddy Woogy,Tutti Quanti
Amy Denio / Spoot Music,Amy Denio: PANDEMONIUM
⊙,Anabasis
SMSS PRODUCTIONS,RELIEFS JACOBINS
Ghost Rhythms,Imaginary Mountains
João Pais Filipe,Sun Oddly Quiet
Hassan Wargui,Tiddukla
VI!VI!VI!,II
Korb,Korb
Nicotina es Primavera,Perder Planetas - Nicotina es Primavera
Transport,Milchreise
CV Vision,In Time
Horse Lords,Mixtape IV
Horse Lords,Interventions
Various Artists,Sahel Sounds Label Sampler 3
Brendan Byrnes,2227
Brendan Byrnes,Realism
Hidden Spheres,Breathing Deep
Don Kapot,Hooligan
Alexandre Bazin,Concorde
Papir,Jams
Ivan The Tolerable,White Tears
Immortal Onion,Ausfahrt XD
Seventeen3217 the Miscreants' file,"SpöreGenisis', Psychedelic Collection VØL. I   <[""{sides}'a-,{04""20-}B-,[1'1[""a']2""8]']> [EP]"
BLAST,VORTOGRAPHS
"John Dwyer, Nick Murray, Brad Caulkins, Tom Dolas, Greg Coates",Witch Egg
"John Dwyer, Ted Byrnes, Greg Coates, Tom Dolas, Brad Caulkins",Endless Garbage
Apodemus,Signal
azmari,Samā'ī
"Valentin Ceccaldi, Théo Ceccaldi & le Grand Orchestre du Tricot",CONSTANTINE
Dans Dans,Zink
Flynn,Pallete Knife EP
SEC,Est-ce que ce monde est sérieux ?
Vintage Cucumber,Arabische Nächte
Anthony Béard,Les contes de nulle part
Ralph Heidel,Relief
Niklas Wandt,Erdtöne
Karaba,Pheremon Crumble Wax
TAPIR Quartet,TAPIR Quartet
Louis Minus XVI,De Anima
Dustman Dilemma,Third Sigh
VI!VI!VI!,II
Spinifex,SOUFIFEX
Spiritczualic Enhancement Center,Transporting Salt
TOBOGGAN,Première Descente
Alfa Mist,Bring Backs
Hugh Hopper Band,Carousel
CV Vision,Elemente
Makucevich,METALANGUAGE
Radio Piece III,The Lost Puzzle
Jean Lapouge,En janvier
Etienne de la Sayette & Wild Horses Orchestra,KEGULI
Karaba,Live in Vienna
Georgia,Immute
OOH-sounds,GEORGIA / BELLOWS - Decouple ][ Series
Kosmischer Läufer,Volume Four
CV Vision,Tropical
Kryptox,Mathias Modica presents Kraut Jazz Futurism Vol 2
Kryptox,Mathias Modica presents Kraut Jazz Futurism
Vintage Cucumber,Abu Abu
François Thollot,Virtually Spring
Eiko Ishibashi,For McCoy
Vintage Cucumber,Arabische Nächte II
Obay Alsharani,Sandbox
Codons,Exit Strategy
Akalé Wubé,Akalé Wubé - Memona - Etienne de la Sayette Remix
God is God,GiG
KARKARA,Nowhere Land
Ko Shin Moon,Ko Shin Moon
My Jazzy Child,Innéisme
Mikado Koko,Maza Gusu
Vincent Moon,Chansons d'Indonésie / Tembang Dari Indonesia
Antoine Loyer & Mégalodons malades / Bégayer,Sauce chien et la guitare au poireau
Quadrupède,Jumbo Jumbo
Quadrupède,Interiors
Décor_um,Décor-um
ETIENNE DE LA SAYETTE,13 duos en forme de banane
Chocolat,Rencontrer Looloo
GIGANTONIUM,Piscine Olympique
SLIFT,La Planète Inexplorée
Feldermelder,For Future Holographic Suns
Spiritczualic Enhancement Center,"Who Corrupted Our Wave, Back In 1969?"
Akalé Wubé,Sost
Akalé Wubé,Akalé Wubé
Baeshi Bang,BAESHI BANG 배씨방 - LP
ddb,GBON II0II0
ACID MOTHERS TEMPLE,Chosen Star Child's Confession
Hills,Alive at Roadburn
Centrum,För Meditation
KARKARA,Crystal Gazer
King Khan,The Infinite Ones
Dezron Douglas & Brandee Younger,Force Majeure
L'Eclair,Sauropoda
King Gizzard & The Lizard Wizard,K.G.
Omertà,S-T
Land of Kush,Sand Enigma
Land of Kush,The Big Mango
Land of Kush,Against The Day
Tortoise,Standards
Circuit Diagram,Pudel Produkte 20 (2020 Revision)
Raed Yassin,Archeophony
George Crowley,Paper Universe
STAR FEMININE BAND,Star Feminine Band
"Jac Berrocal, David Fenech, Vincent Epplay",Exterior Lux
Watchdog,Les animaux qui n'existent pas
Ginger,sélection d'épices
Polymorphie,Claire Venus
Jung Deejay,Java Scripts
Cult of Riggonia,Orbed Porches
Nicolas Gaunin,Noa Noa
Nicolas Gaunin,Noa Noa Noa
"TATRAN, Eden Ladin",On Hold
TATRAN,Merchants House
Elephant Gym,Dear Humans
Soccer96,Tactics EP
Danalogue x Sarathy,Equinox
Odessey & Oracle,Crocorama
Melt Yourself Down,Last Evenings On Earth
Scherzoo,05
Joey Alexander,Countdown
Hazy Montagne Mystique,Bleu quand je ferme les yeux
Asher Gamedze,Dialectic Soul
Jaga Jazzist,Apex (Lindstrøm & Prins Thomas Remix)
Rachel Flowers,Listen
Mocke,MOCKE Parle Grand Canard
Elephant Gym,Gaze at Blue
Elephant Gym,Underwater
FES,LUNAR
Claustinto,On est là
Maria Chiara Argirò,Hidden Seas
Aquarium Orchestra,Le ciel au dessus de чужий
Orchestre National de Jazz,Europa Paris
Orchestre National de Jazz,Europa Rome
Balzane,Paille
aramii,Flow
Caktus,Under Solen
Deus Ex Machina,Imparis
Melnelson & The Bees,Dirt
Fred Pallem & le Sacre du Tympan,RACONTENT LES FABLES DE LA FONTAINE
Tower Of Silence,The Unspeakable [EP]
Jaron & Bob,Lucky To Be Here
Nubya Garcia,SOURCE
KINK GONG 2009,NISU 1 (YI) IN YUNNAN CHINA
Weston X Rhino,Carry On
Contrøverse,"Same Thing, Different"
PONTEIX,J'Orage
Thierry Holweck,Alea
MARIETTA,Prazepam St.
Midday Veil,THE CURRENT
amotik,Amotik 011
ONKOS,Onkos
ddb,Orisha Songs
ddb,"""Excursions"""
USA Nails,Character Stop
Tom Terrien,Bodylinology EP
Ukandanz,Awo
Ozferti,Solarius Gamma
All about Eve,Martha's harbour
Nelson Dialect & NuTone,Opal Mind
11PARANOIAS,Stealing Fire From Heaven
QTwo,Viaje
QTwo,Varietales
Les plaies mobiles,Boire ou Conduire
The Comet Is Coming,Channel The Spirits
Grand Veymont,GRAND VEYMONT Persistance & changement
Flanders,Holding On
Maud Octallinn,Sainte Saucisse
Etienne de la Sayette,KOBUGI - LP
Etienne de la Sayette,MAPUTO QUEENS - LP
SpöreGenisis,An Ode [Single]
Lucio Bukowski,AUCUN POTENTIEL COMMERCIAL
Lucio Bukowski & Oster Lapwass,L'Homme Alité
Lucio Bukowski & Mani Deïz,La Noblesse de l'Echec
Clap! Clap!,Liquid Portraits (Album)
John Americus Witt,Cyclothymia
La Souterraine,ALLOPOP
La Souterraine,C'EST EXTRA
Garlic Frog Diet,Smells Like Yeti
Melted,Thin Skin
aquaserge,Tout arrive / TVCQJVD maxi
Aquaserge,GUERRE EP
Aquaserge,A l'amitié
Julien Gasc,KISS ME YOU FOOL
Electric Vocuhila,Palaces
Les Amazones d'Afrique,Amazones Power
Les Amazones d'Afrique,République Amazone
Mauricio Candussi,12
Fred Pallem & le Sacre du Tympan,L'ODYSSEE REMIX
Automatic,Signal
Ladybug,Ladybug
The Comet Is Coming,Prophecy
The Comet Is Coming,Journey Through The Asteroid Belt (LV Remix)
Diane,Billets doux
Maalem Houssam Guinia,Mosawi Swiri
Matana Roberts,Coin Coin Chapter One: Gens de couleur libres
Baka Beyond,After the Tempest
Lucio Bukowski,Aucun Potentiel Commercial 2
Electric Vocuhila,Kombino Splinto
Electric Vocuhila,Marquises
CHROMB!,Le livre des merveilles
https://vk.com/nepalclub,The Clown
The Comet Is Coming,Death To The Planet
Special Request,VORTEX
Collie Buddz,Cali Roots Riddim 2020
Brad Mehldau,Suite: April 2020
Ben Sidran,Talking Jazz
The Beths,Jump Rope Gazers
FRVVNXX MORRI$ON,Roy Woods
Léonore Boulanger,Practice Chanter
MNNQNS,Body Negative
Kamilya Jubran & Werner Hasler,Wa
Çaykh,Où
"Ak’chamel, The Fireblack Breechclouts Hides and Wagonsheets",The Totemist
Delta Sleep,Soft Sounds (Live Video Series)
Delta Sleep,Younger Years
Joe Reedy,Haul Away Joe
The Comet Is Coming,The Complete Studio Recordings 2015CE-2017CE
The Comet Is Coming,Channel The Spirits (Special Edition)
Joe Reedy,Undead Dragons
OH MU,LE FEU
OH MU,Contre-Culture
JULIEN GASC,Serpentes EP
Bribes 4,BRIBES 4 - Temperatures
Algernon,Ghost Surveillance
Aksak Maboul,Figures
LCT (Chics Types),Tout Baigne
Marion Cousin & Kaumwald,Tu rabo par'abanico
The Dorf,Baobab/ Echoes
InFiné,Music Activists 2020 (From Home)
Michele Mercure,Pictures of Echoes
Pulse Convention,At the Gate
Kink Gong & Li Daiguo,Dali China
Tiny Fingers,DAWN
Tiny Fingers,Session Ex
Feiz Noz Moc'h,Atau Atav
German Army,Animals Remember Human
Plant Lab,Plant Lab
tape against,comp against
Body Hound,No Moon
Various Artists,"MAGHREB K7 CLUB: Synth Raï, Chaoui & Staifi 1985-1997"
Ramuntcho Matta et al.,Matta Sampler Vol. 1
Idjah Hadidjah & Jugala Jaipongan,Jaipongan Music of West Java
DevilsofMoko,One
Yael Namias,(stuck in the middle)
Various Artists,Sri Lanka : The Golden Era of Sinhalese & Tamil Folk-pop Music
Le Choc Des Électrons Libres,Le Choc des Électrons Libres
Super Parquet,Super Parquet
Girls in Airports,Fables
Girls in Airports,Kaikoura
Eddy Woogy,Neighbor Desillusion
Artús,Cerc
SpöreGenisis,The Trails [Single]
Cryptic Ruse,UNFERTILE
Der Maler,L'Autre
Labelle,univers-île
Koenjihyakkei 高円寺百景,Dhorimviskha
Tamayugé,Baba Yaga
The Dwarfs of East Agouza,Bes
The Germans,Sexuality
Flying Horseman,City Same City
Abstract Orchestra,Madvillain Vol. 2
Fun Fun Funeral,Everything is ok
JOEL JEROME,Psychedelic Thriftstore Folk
GONTARD,2029
Shoefiti,Fill The Silence With Your Desires
Shoefiti,Coriolis
Craig Scott's Lobotomy,War is a Racket
Simon Fell Quartet,SFQ - Seven Compositions - (Limoges)
Léo Dupleix,Piece For Electric Guitar Quartet
Richard Comte,Innermap
Damien Schultz,fais comme chez toi
Ensemble Offspring,Between the Keys
Ensemble Offspring,Offspring Bites 2 (2019)
Ensemble Offspring,Offspring Bites I (2017)
Ensemble Offspring,Noise Husbandry
DennyDennyBreakfast,"Simon says ""Jazz"""
SpöreGenisis,UnLimitations in the land [of]->>A>ll>*<[Ko]>>L<<ids [EP]
SpöreGenisis,"Scheiße, um zu sterben, und tanzen Sie zu [2008-2019]   [Album]"
SpöreGenisis,Huge Clitoris [EP]
GIGANTONIUM,The Archetypal Syndicate - Non locality
TBPN,Mémoires de Formes
Francesc Llompart,Insect Politics
Honey Ride Me A Goat,Udders
Honey Ride Me A Goat,Goat Hopper
Çub,Ouais
Lucio Bukowski & Tcheep,Sereinement Motherfucker !
Joachim Florent,after science
Kowloon Walled City,Grievances
Tredici Bacci,LUXARDO - Raiders Of An Empty Heart
Floral,Floral LP
Barney Wilen,Moshi
El Memorioso,Cinq formes du temps
EL Memorioso,Cinq formes du temps Vol.2
Anlor Mathieu & Thierry Holweck,Antilop
La Nòvia,Maintes Fois
Collectress,Different Geographies
Batsumi,Batsumi
Enzo Carniel & House of Echo,"Enzo Carniel & House of Echo ""Wallsdown"""
INHUMANKIND,Self-Extinction
Quercunian Camerata,Ponce
Collectif Coax,Tribalism3 -トライバリズム
Dinosaur,To The Earth
Countdown from Ten,On the Instability of Air
Unconstant Motion,Solstice
Jaga Jazzist,Pyramid
Mark Guiliana,BEAT MUSIC! BEAT MUSIC! BEAT MUSIC!
Collocutor,Continuation
Potmos Hetoimos,Vox Medusae
Rïga,Chaos et Félicité
ISHKERO,KYUN
Ishkero,Brume
Brendan Byrnes,Room Tapes
Florida=Death,Post Information
Wonderbach,"Lumière, eau et minéraux"
Clément Edouard,Dix Ailes
Christophe Panzani,"Christophe Panzani ""Les Mauvais Tempéraments"""
Julien,L'appel de la forêt
SEC,L'aventure Complète de George Gallamus
Thierry Holweck,Unpredictable
Miriodor,Avanti!
Makucevich,Implicit Bias
Los Siquicos Litoraleños,Medianos Éxitos Subtropicales Vol. 2: El Relincho Del Tiempo
Afuche,Highly Publicized Digital Boxing Match
Freyja Garbett,MAYA
Boolvar,Boolvar - EP
Dither,Potential Differences
Mood Exhibit,Dráma a Intrika
Kavus Torabi,Solar Divination EP
Lady With,Alternate Cakes
Alarmist,Sequesterer
Jouis,Mind Bahn
Orange the Juice,The Messiah Is Back
ddb,Oakland
Grand Grand Trio,Grand Grand Trio EP
-1,Voodoo Waves
-1,Les sous-sols de la Charité
Laura Jurd,"Stepping Back, Jumping In"
Lady With,The Lodge
Saelig Oya,[Chaos - Chaos]
Orontes,Dancing On The Heads Of Snakes
MoRkObOt,GoRgO
Ghost Rhythms,Sept Cercles
Sebkha-Chott,De l'Existence de la Mythologie Chottienne en 7 Cycles
Moron Police,A Boat on the Sea
Bob Drake,The Gardens of Beastley Manor
Secret Chiefs 3,Book M
Secret Chiefs 3,UR: Telstar / The New Daylight (Welcome to the Theatron Animatronique)
Secret Chiefs 3,MUSICA PRACTICA *Geek Pack One*: Bereshith
Plagiat,"Patrick Bruel and Gambling Save My Life (feat Miss Stiff, Beatch, Jo La Chaussette)"
Sebkha-Chott,CRPTS ND TPSTRZ
The Red Masque,Feathers for Flesh
Keor,Hive Mind
Keor,Petrichor
Collectif Coax,Håla Duett - Rana EP
Le Grand Sbam,Vaisseau Monde
Chaoh Reiccuk,Ep 2016
Chaoh Reiccuk,Resurrected
Arya,Endesires
Heirloom,overgrowth
standards,Friends
standards,standards
Richard Dawson,2020
The Utopia Strong,The Utopia Strong
The Bad Plus,Never Stop II
The Bad Plus,Activate Infinity
Zippo,Bûcheron (Bonus édition)
Eddy Woogy & Lucio Bukowski,BELUGAS
NÉRIJA,Blume
GIGANTONIUM,Le Banquet invite Nicolas Jules
Henrik Olsson,Hand of Benediction
Sloth Racket,A Glorious Monster
Snack Family,Bunny
Olli Hirvonen,Displace
Peter Evans Quintet,Ghosts
Ô Lake,Refuge
Jérôme Minière,JÉRÔME MINIÈRE Une clairière
Grand Veymont,GRAND VEYMONT
Limousine,L'été suivant...
Limousine,Limousine
Limousine,II
Léonore Boulanger & Maam-Li Merati,La Maison d'amour
Kokoroko,KOKOROKO
Ronin Arkestra,Sonkei
The Mercury Tree,Spidermilk
PECULATE,Mines in the Sand
sleepmakeswaves,Made of Breath Only
Kneebody,Chapters
Ghost Rhythms,Madeleine
Ghost Rhythms,Live At Yoshiwara
Ghost Rhythms,Mind the goat
ddb,Oru Seco
ddb,Glass in Everyone's Tongue
Vashima,Stray Meadows
Piotr Kurek,Missing Paths/Golden Dawn/Sweat
Asymmetrical Head,Proper/Random
mingjia & the tortoise orchestra,Feel Seen
Brendan Byrnes,Neutral Paradise
Brendan Byrnes,Micropangaea
Lump Records,Palermo Etnico
Piotr Kurek,Polygome
Dominique Leone,DAD ROCK
The Bob Lazar Story,Vanquisher
Zaar,Zaar
Daniel Herskedal,Voyage
Tredici Bacci,'La Fine Del Futuro'
BlipVert,Billions of Cicadas
John Also Bennett,Erg Herbe
Israël Quellet,Instrumental
Israël Quellet,Rythmes d'étain
Alarmist,Sequesterer
Gareth Lockrane,Fistfight at the Barndance
Anton Eger,Æ
Peggy Gou,Once
Bill Orcutt,Bill Orcutt
freetousesounds,Ventilation Sound Effects Library
ddb,Midi: The Older Stuff
TOINE THYS,"DERvISH ""ABSTRACKS"""
Charlie Cawood,The Divine Abstract
Charlie Cawood,Blurring Into Motion
Emmett Elvin,Assault on the Tyranny of Reason
Emmett Elvin,The End Of Music
Daniel Elms,Islandia
Sheik Anorak + Schakalens Bror,Sheik Anorak + Schakalens Bror
Phog,Evidence
Farmhouse Odyssey,Fertile Ground
ddb,Protect 2: Another Tome Straight to Your Dome
ddb,unlit overpass
Ixtli,Ixtli
ddb,Caelum
John Makay,CROM
ISaAC,Evasions Manquées
Matching Mole,March
feat. Esserelà,Disco Dooro
OKIDOKI,When Oki meets Doki
Sheik Anorak,Let's just bullshit our way through
Sheik Anorak,North Star
Forêt,Ma Walki
Sweetest Choice,Trois Oiseaux
Sweetest Choice,Speechless Songs
The End,Last Blues
{Brahme},Criquet
Marc Edwards/ Mick Barr duo,The Bowels of Jupiter
Videoiid,EP
atatat + Ryoko Ono,No Breeze In Space
Cement Shoes,Opus Caementicium
Sheik Anorak,GBG1
Sheik Anorak,Platine (video edit)
Sheik Anorak,So Long
Collectif Coax,CLUB SIESTE
Facteur Sauvage,Facteur Sauvage II
Phoenician Drive,Two Coins
Phoenician Drive,Phoenician Drive
LFant,LFant
Hidden People,Tambour cloche
La Souterraine,RURBAIN
Metek,Paris 75021 (Mixtape)
Riski,26 (EP)
Riski,Tercian 2
Riski,Tercian (EP)
Riski,Oh Mon Dieu (EP)
LK de l'Hotel Moscou x Corrado,Aphelion
billy woods,Hiding Places
Teka Records,Batuk - Kasi Royalty
RROBIN,Déluge
RROBIN,19
Le Parasite,My Mind Travels Far
L.O.A.S,NDMA
JOEY LE SOLDAT (Hip Hop Electro – Burkina Faso),BARKA
Baloji,Kaniama: The Yellow Version
Baloji,137 Avenue Kaniama
Hors Cadres,Par les damné.e.s de la terre
Billie Brelok,GARE DE L'OUEST Volets 1&2 digipack
Sameer Ahmad,Apaches (Album)
Ypsos & Smimooz,FRENCH MELANCHOLY
11PARANOIAS,Asterismal
ZOHASTRE,MVTMJSUNP
Enablers,Zones
LITE,Multiple (6th album)
LITE,Blizzard
miRthkon,VEHICLE
miRthkon,Snack(s)
miRthkon,The Illusion of Joy
Teotima,Weightless
Cement Shoes,Opus Caementicium ( Gaffer records 2019)
AWAKE,Aubes et Crépuscules
Present,A Great Inhumane Adventure
Boltzmann Brain,Spacesquid Brain
Boltzmann Brain,Sind die echt
Kinkajous,Hidden Lines
Collectif Coax,"TRIPES ""Descendre, inventrer"""
Hassan K,Bakhtak
Schnellertollermeier,X
Mimika Orchestra,Divinities of the Earth and the Waters
GIGANTONIUM,"TRIPES ""Descendre, inventrer"""
Oort Smog,Smeared Pulse Transfers
Cloudmakers Trio,Traveling Pulse
CHEVIGNON,Déchirance
Wild Classical Music ensemble,Tout va bien se passer (Het komt allemaal wel goed))
FRANCIS BEBEY,African Electronic Music 1975-1982
Louis Minus XVI,Birds & Bats
Unik Ubik,Maximum Axis
Margaret Catcher,Singularity
Harpon,béji
Drive With A Dead Girl,Reign Falls
F.A.T,Animal
Nooumena,Controlled Freaks
Stoned Diplodocus,Ante Mortem
Louis Minus XVI,De Anima
TOC,Will never play these songs again
Flür,Flür
Dustman Dilemma,On second thought
Chafouin,Chafouin
Zézette,Zézette
Multimodal Brothers,A self styled economic talk
CHIVES,Yeaux
JackDupon,Bascule à vif
Collectif Coax,Rétroviseur Rückspiegel
Collectif Coax,PIPELINE
GIGANTONIUM,"JOE QUARTZ ""The new world"""
Schleu,Demo
Pauwels,SINGE
Asylon Terra,Blind Man Running
KING TAO ORCHESTRA,"KING TAO ORCHESTRA, MAKO"
SVITI,Douce douce nuit
Pauwels,Poena cullei
Gilles Poizat,Horse in the House
Moon Rã,L2
Le Rex,Escape of the Fire Ants [HD 24b / 44.1k]
Pauwels,Pauwels
University Of Errors,Jet Propelled Photographs
"Martín Escalante, Pedro Fukuda, Kevin Salkeld",Los Saltos Temporales de David Jr.
The Orchestra Of Mirrored Reflections,Frequency Jazz
ULTRA ZOOK,ULTRA ZOOK l'album
La Souterraine,SANS PAROLE
Sur Ecoute Quartet,Muss es sein ? Es muss sein !
ni,Pantophobie
Hippie Diktat,Gran Sasso
Severin 24,Pretty bear
Arrington de Dionyso,Honey and Poison (2019) MALAIKAT DAN SINGA
Damirah,Lights and Guns and Fire
Crown Larks,Population
Far Corner,Risk [HD 24b/96k]
Led Bib,Sensible Shoes
HIPPIE DIKTAT,Gran Sasso
Lady Fitness,Charlotte
POTEMKINE,Foetus
Raoul Bjorkenheim,Apocalypso
Florestan Berset & Noël Akchoté,Antomology (EP)
Henry Threadgill,"Tomorrow Sunny / The Revelry, Spp"
David S. Ware Quartet,Wisdom of Uncertainty
Kouma,AibohphobiA
LE VILLEJUIF UNDERGROUND,When will the Flies in Deauville drop ?
CANNIBALE,NOT EASY TO COOK
100%chevalier,EP-IC
Monstre,Serendipité
Cuneiform Records,Cuneiform Records: The Albums of 2018
TRACTEUR,Tracteur
ULTRA ZOOK,EPUZ
RIEN,There Can't Be Any Prediction Without Future
Out Is,Automne 1
COLLAPSEUM,L'Espace Insuffisant
Renaud VINCENT & Theovonwood,O.S.T. Château Descartes
Kurushimi,Return 2: The Grove
Borja Flames,Rojo vivo
Bégayer,Terrain à mire . Une maison rétive . Contrainte par le toit
Kurushimi,What Is Chaos?
Steven Lugerner & Fred Hersch,Gravitations Vol. II
Steven Lugerner & Patricia Brennan,Gravitations Vol. III
Champagne Dub,Drops
Dark Radish,EP
Labelle,Post-maloya EP
PoiL,Mula PoiL (split)
DRH,Thin Ice
BAD PELICANS,BEST OF
Nicotina es Primavera,Perder Planetas
Matt Calvert,Mute Heart
Glossolalie,Glossolalie
Various Artists,FRANCIS BEBEY - REMIX
Joëlle Léandre,Can You Hear Me?
Fred Pallem & le Sacre du Tympan,CARTOONS
La Souterraine,"La Vraie Vie, une sélection de chansons par Ignatus"
Stop Motion Orchestra,Lightworks
GIGANTONIUM,Sylvain Darrifourcq - In Love With - Coitus Interruptus
Carl-Éric Hudon,Nous étions jeunes
Carl-Éric Hudon,Je ne danse pas
La Souterraine,Trois-maxis-de-la-francophonie
BLAST,Drifting
"Alexey Kruglov, Anna Chekasina",Metonymy
je ne sais quoi,qu'est-ce que ça
PRIEUR DE LA MARNE,Messages Personnels
Pierre Vassiliu,FACE B - 1965/1981
Phronesis,Parallax
Sekta Denta,Underworld Printing House
Garlic Frog Diet,Split w/ Samiam
Garlic Frog Diet,Fly to Hell
La Souterraine,aristocrate
El Pricto/Diego Caicedo/Javier Garrabella/Vasco Trilla,Demonology
Delta Sleep,Ghost City
Clara Clara,Comfortable Problems
Ned,Bon Sauvage
Various Artists,Music Activists #1
Deaf Wish,Lithium Zion
ZWOYLD,ZGOND
GIGANTONIUM,"Jean-Brice Godet ""épiphanies"""
Plantae,[UNTLDFAMILY004] Abzernad EP
GIGANTONIUM,"JOE QUARTZ ""self afraid"""
Orest Filipov,Unseen World
Hassan K.,Talab
Hassan K.,30 Birds
The Muffins,Open City
Frank Feutré,Aquaiens
Nucleus,Live In Bremen
CHINABOT,Phantom Force
FAUXE,I K H L A S
Lama + Joachim Badenhorst,The Elephant's Journey
LAMA + Joachim Badenhorst,Metamorphosis
Jack O' The Clock,Repetitions of the Old City - II
ScottClark,ToNow
East Brunswick All Girls Choir,Teddywaddy
JOY AS A TOY,GOOGLE A GUN EP
Pratos,TARPOS
Tripes,Suicide jazz
TRIPES,SUICIDE JAZZ
Blast,Madness Is The Emergency Exit
Benjamin Petit Delor,Chevalier de jungles et d'esprits
Rehab Records,Resistance to the Passage of Sound
imperial quartet,imperial quartet
Noruz,The Witching Hour
Noruz,Music For Dads
Albert Cirera/Olle Vilkström/Ulrich Mitzlaff/Alvaro Rosso/Carlos “Zingaro”,Cròniques 5: Ao Vivo!
Kinkajous,Jupiter
Les Pompiers,Grande échelle monte jusqu'au ciel
Nicotina es Primavera,TVL-011 // Perder Planetas
sourdure,Mantras
Thinking Plague,Hoping Against Hope
Thinking Plague,In This Life
sourdure,L'Espròva
Orion Dust,Duality
Francky Goes to Pointe-à-Pitre,FRANCKY GOES TO POINTE A PITRE
MaAuLa Records,"MaAuLa-o-rama Vol.01 ""Exotic Viennoiseries"""
Magnetic Ensemble,Dancing Alone
Gontard,Tout naît / tout s'achève dans un disque
Supa Dupa,Rise (EP)
Mutoid Man,War Moans
Pharnal,Limbes
Tortoise,A Lazarus Taxon
Lucas Hercberg,Crabe
Dong Ki Kong,Donkistador
Dong Ki Kong,Dong Ki Kong
SUUNS,Felt
Crystal Dinosaurs,Trublion cosmique Part II
Crystal Dinosaurs,Magic Turtles
Nubya Garcia,When We Are
Tortoise,Millions Now Living Will Never Die
Discordian Community Ensemble,"Draught, Suspicion"
Berta Puigdemasa/Mikael Szafirowski,Electric Philokalia
MAGVM,The Map Is Not The Territory
Bruitage,Bruitage
MOOP,MOOP
Collectif Coax,"MeTaL-O-PHoNe ""Kosmos"""
"Mary Halvorson & Noël Akchoté,",Mary Halvorson & Noël Akchoté
Bégayer,à la radio
June et Jim,Noche primera
Novembre,Calques
Kumquat,Blast
Voi Voi,Musique pour le vent
Super tacos,Super Tacos
Cornflakes Heroes,Dear Mr Painkillers
GIGANTONIUM,Clément Janinet   O.U.R.S
UMLAUT BIG BAND,"UMLAUT BIG BAND plays Badaroux, Gerbal, Denzler, Borel"
Bon Cheval,Ces gens qui fument
Postcoïtum,Learning to be me
Collectif Coax,FABIEN GASTON RIMBAUD - Bateleur Batard (Album)
SVITI,SVITI
Coccyx,Coccyx
Çub,Musique Actuelle
CANARI,Désamorceur
Emmanuel Scarpa,Invisible Worlds
Deux Boules Vanille,Deux Boules Vanille
"Sheep, Dog & Wolf",Ablutophobia EP
"Sheep, Dog & Wolf",Egospect
imperial quartet,grand carnaval
VICTIME,La femme taupe
PoiL,L'ire des papes
PoiL,L'ire des papes / Dins o cuol
seal of quality,L'éternité
Collectif Coax,PHOQUE EVENTRE Yann Joussein
Vegan Dallas,Electro Griot
Scherzoo,01
Cas D'Ecole X Deux Lyricists,Cas d'Ecole X Deux Lyricists
An Endless Sporadic,Magic Machine
An Endless Sporadic,It's Like A Path But It Changes All The Time
La Souterraine,PAYS VAINCUS
Camille Bénâtre,Îlot de Consolation
Tortoise,Tortoise
COAX,Compagnie nationale
Format,Empyrée
Tasty Granny,Flip a Machine That Works
Kaidi Tatham,The Extrovert City
Rince-Doigt,Croisière Annulée
Léonore Boulanger,SQUARE OUH LA LA
Léonore Boulanger,LES POINTES ET LES DÉTOURS
Sputnik,Parallax Vol. I
"Magvm: (Obdo, Lopinski)",The Map is Not the Territory
Sekta Denta,Sekta Denta
Scott Bevins Group,For A Mouse
Noyades,Go Fast
PARTOUT PARTOUT,c o u c o u
Strobes,Brokespeak
Blacklisters,Adult
SEAL OF QUALITY,Affective Design
L'Effondras,Les Flavescences
Air Brigitte,EP#1
"Pauwels, Uns",U.P. (split)
若潭 ruò tán,2015 China Tour
Mai Mai Mai,Φ (Phi)
Société Étrange,Au Revoir
Pratos,Pratos
Saddam Webcam,Three thrills trees
Sheezahee,the experience of dying alive
